sample	subset	call	n	median_norm_depth	frac_gt1.5x	frac_lt0.75x
Bran_AGB5	all	dip	2483	1.274	0.19	0.007
Bran_AGB5	all	tri	1699	1.255	0.238	0.034
Bran_AGB5	all	tet	7806	0.86	0.075	0.425
Bran_AGB5	margin>=5	dip	817	1.273	0.195	0.01
Bran_AGB5	margin>=5	tri	351	1.325	0.325	0.037
Bran_AGB5	margin>=5	tet	4526	0.672	0.053	0.609
CBS931.73	all	dip	2265	1.232	0.304	0.084
CBS931.73	all	tri	2069	0.957	0.239	0.275
CBS931.73	all	tet	4827	1.081	0.203	0.269
CBS931.73	margin>=5	dip	1111	1.176	0.278	0.092
CBS931.73	margin>=5	tri	1355	0.913	0.231	0.286
CBS931.73	margin>=5	tet	3854	1.105	0.205	0.259
CBS931.73_pb	all	dip	232	1.369	0.246	0.004
CBS931.73_pb	all	tri	997	1.373	0.364	0.064
CBS931.73_pb	all	tet	11041	1.005	0.145	0.336
CBS931.73_pb	margin>=5	dip	49	1.376	0.265	0.0
CBS931.73_pb	margin>=5	tri	146	1.446	0.452	0.021
CBS931.73_pb	margin>=5	tet	7643	0.904	0.113	0.396
NRRL2992	all	dip	516	2.003	0.876	0.017
NRRL2992	all	tri	279	1.556	0.591	0.065
NRRL2992	all	tet	745	1.887	0.672	0.183
NRRL2992	margin>=5	dip	148	2.006	0.899	0.007
NRRL2992	margin>=5	tri	161	1.548	0.559	0.043
NRRL2992	margin>=5	tet	181	1.659	0.536	0.359
STP1710.7	all	dip	4618	1.162	0.003	0.01
STP1710.7	all	tri	327	1.153	0.202	0.119
STP1710.7	all	tet	2400	1.15	0.015	0.103
STP1710.7	margin>=5	dip	3443	1.162	0.002	0.006
STP1710.7	margin>=5	tri	133	1.182	0.323	0.083
STP1710.7	margin>=5	tet	807	1.148	0.029	0.121
STP1710.7_ont	all	dip	3829	1.29	0.106	0.013
STP1710.7_ont	all	tri	1956	1.178	0.096	0.217
STP1710.7_ont	all	tet	7987	0.72	0.037	0.547
STP1710.7_ont	margin>=5	dip	2102	1.295	0.11	0.01
STP1710.7_ont	margin>=5	tri	534	1.224	0.17	0.088
STP1710.7_ont	margin>=5	tet	3686	0.672	0.036	0.643
STP1717.1	all	dip	986	1.032	0.065	0.084
STP1717.1	all	tri	616	1.028	0.127	0.138
STP1717.1	all	tet	1783	1.022	0.085	0.176
STP1717.1	margin>=5	dip	571	1.032	0.058	0.086
STP1717.1	margin>=5	tri	299	1.032	0.154	0.147
STP1717.1	margin>=5	tet	746	1.07	0.13	0.153
STP1717.1_ont	all	dip	631	1.202	0.26	0.07
STP1717.1_ont	all	tri	904	1.14	0.19	0.144
STP1717.1_ont	all	tet	7435	0.9	0.073	0.317
STP1717.1_ont	margin>=5	dip	468	1.189	0.269	0.079
STP1717.1_ont	margin>=5	tri	437	1.167	0.229	0.101
STP1717.1_ont	margin>=5	tet	4797	0.825	0.063	0.389
UHM207.4505	all	dip	3113	1.413	0.275	0.004
UHM207.4505	all	tri	782	1.393	0.306	0.033
UHM207.4505	all	tet	2281	1.382	0.271	0.114
UHM207.4505	margin>=5	dip	1608	1.418	0.273	0.004
UHM207.4505	margin>=5	tri	183	1.37	0.251	0.049
UHM207.4505	margin>=5	tet	602	1.325	0.272	0.191
UHM207.4505_ont	all	dip	2247	1.394	0.338	0.011
UHM207.4505_ont	all	tri	1781	1.309	0.243	0.076
UHM207.4505_ont	all	tet	7916	0.876	0.115	0.383
UHM207.4505_ont	margin>=5	dip	1145	1.383	0.329	0.008
UHM207.4505_ont	margin>=5	tri	562	1.322	0.262	0.044
UHM207.4505_ont	margin>=5	tet	3723	0.72	0.077	0.54
UHM260.5136	all	dip	3160	1.213	0.067	0.011
UHM260.5136	all	tri	1155	1.189	0.121	0.054
UHM260.5136	all	tet	2741	1.178	0.106	0.149
UHM260.5136	margin>=5	dip	1393	1.21	0.066	0.011
UHM260.5136	margin>=5	tri	341	1.209	0.155	0.07
UHM260.5136	margin>=5	tet	916	1.17	0.148	0.184
UHM260.5136_ont	all	dip	2074	1.284	0.228	0.014
UHM260.5136_ont	all	tri	1971	1.233	0.185	0.073
UHM260.5136_ont	all	tet	7851	0.898	0.099	0.378
UHM260.5136_ont	margin>=5	dip	1101	1.296	0.249	0.016
UHM260.5136_ont	margin>=5	tri	649	1.27	0.225	0.059
UHM260.5136_ont	margin>=5	tet	4110	0.743	0.089	0.51
UHM516.7697	all	dip	3183	1.089	0.024	0.013
UHM516.7697	all	tri	716	1.064	0.088	0.06
UHM516.7697	all	tet	2127	1.079	0.062	0.121
UHM516.7697	margin>=5	dip	1624	1.086	0.018	0.017
UHM516.7697	margin>=5	tri	193	1.057	0.171	0.093
UHM516.7697	margin>=5	tet	565	1.061	0.108	0.189
UHM516.7697_ont	all	dip	2050	1.212	0.122	0.025
UHM516.7697_ont	all	tri	1712	1.133	0.102	0.112
UHM516.7697_ont	all	tet	6661	0.847	0.056	0.423
UHM516.7697_ont	margin>=5	dip	982	1.211	0.13	0.024
UHM516.7697_ont	margin>=5	tri	568	1.158	0.143	0.072
UHM516.7697_ont	margin>=5	tet	3188	0.698	0.051	0.56
UHM520.7734	all	dip	4750	1.017	0.006	0.024
UHM520.7734	all	tri	789	1.017	0.095	0.119
UHM520.7734	all	tet	2431	1.03	0.054	0.099
UHM520.7734	margin>=5	dip	3200	1.018	0.006	0.022
UHM520.7734	margin>=5	tri	300	1.031	0.137	0.147
UHM520.7734	margin>=5	tet	1048	1.049	0.09	0.135
