sample	genes_used	adjacent_pairs	obs_frac_same	perm_frac_same	z	p_upper	longest_tet_run
Bran_AGB5	5694	2299	0.746	0.744	0.53	0.32335329341317365	9
CBS931.73	6320	5538	0.5424	0.5187	4.82	0.001996007984031936	20
CBS931.73_pb	7838	6886	0.9602	0.9533	6.66	0.001996007984031936	47
NRRL2992	490	244	0.6311	0.6106	1.35	0.11976047904191617	4
STP1710.7	4383	3836	0.7067	0.6937	2.84	0.001996007984031936	6
STP1710.7_ont	6322	5059	0.6871	0.6347	12.0	0.001996007984031936	32
STP1717.1	1616	970	0.5784	0.5666	1.31	0.10179640718562874	10
STP1717.1_ont	5702	4125	0.8225	0.7928	9.76	0.001996007984031936	21
UHM207.4505	2393	1766	0.6127	0.5886	3.62	0.001996007984031936	8
UHM207.4505_ont	5430	4176	0.6906	0.651	8.59	0.001996007984031936	23
UHM260.5136	2650	1940	0.5036	0.4814	2.87	0.003992015968063872	6
UHM260.5136_ont	5860	4554	0.6801	0.6308	10.91	0.001996007984031936	16
UHM516.7697	2382	1890	0.6074	0.5945	1.75	0.05588822355289421	6
UHM516.7697_ont	4738	3752	0.677	0.6229	10.39	0.001996007984031936	21
UHM520.7734	4548	3795	0.6337	0.6068	5.21	0.001996007984031936	9
