scaffold	free	dip	tri	tet	d_dip	d_tri	d_tet
scaffold_1	0.000000	0.000000	0.000000	0.000000	0.000000	0.000000	0.000000
scaffold_2	0.000000	0.000000	0.000000	0.000000	0.000000	0.000000	0.000000
scaffold_3	0.000000	0.000000	0.000000	0.000000	0.000000	0.000000	0.000000
scaffold_4	0.000000	0.000000	0.000000	0.000000	0.000000	0.000000	0.000000
scaffold_5	0.000000	0.000000	0.000000	0.000000	0.000000	0.000000	0.000000
scaffold_6	0.000000	0.000000	0.000000	0.000000	0.000000	0.000000	0.000000
scaffold_7	0.000000	0.000000	0.000000	0.000000	0.000000	0.000000	0.000000
scaffold_8	0.000000	0.000000	0.000000	0.000000	0.000000	0.000000	0.000000
scaffold_9	0.000000	0.000000	0.000000	0.000000	0.000000	0.000000	0.000000
scaffold_10	0.000000	0.000000	0.000000	0.000000	0.000000	0.000000	0.000000
scaffold_11	0.000000	0.000000	0.000000	0.000000	0.000000	0.000000	0.000000
scaffold_12	0.000000	0.000000	0.000000	0.000000	0.000000	0.000000	0.000000
scaffold_13	0.000000	0.000000	0.000000	0.000000	0.000000	0.000000	0.000000
scaffold_14	0.000000	0.000000	0.000000	0.000000	0.000000	0.000000	0.000000
scaffold_15	0.000000	0.000000	0.000000	0.000000	0.000000	0.000000	0.000000
scaffold_16	0.000000	0.000000	0.000000	0.000000	0.000000	0.000000	0.000000
scaffold_17	0.000000	0.000000	0.000000	0.000000	0.000000	0.000000	0.000000
scaffold_18	0.000000	0.000000	0.000000	0.000000	0.000000	0.000000	0.000000
scaffold_19	0.000000	0.000000	0.000000	0.000000	0.000000	0.000000	0.000000
scaffold_20	0.000000	0.000000	0.000000	0.000000	0.000000	0.000000	0.000000
scaffold_21	0.000000	0.000000	0.000000	0.000000	0.000000	0.000000	0.000000
scaffold_22	0.000000	0.000000	0.000000	0.000000	0.000000	0.000000	0.000000
scaffold_23	0.000000	0.000000	0.000000	0.000000	0.000000	0.000000	0.000000
scaffold_24	0.000000	0.000000	0.000000	0.000000	0.000000	0.000000	0.000000
scaffold_25	0.000000	0.000000	0.000000	0.000000	0.000000	0.000000	0.000000
scaffold_26	0.000000	0.000000	0.000000	0.000000	0.000000	0.000000	0.000000
scaffold_27	0.000000	0.000000	0.000000	0.000000	0.000000	0.000000	0.000000
scaffold_28	0.000000	0.000000	0.000000	0.000000	0.000000	0.000000	0.000000
scaffold_29	0.000000	0.000000	0.000000	0.000000	0.000000	0.000000	0.000000
scaffold_30	0.000000	0.000000	0.000000	0.000000	0.000000	0.000000	0.000000
scaffold_31	0.000000	0.000000	0.000000	0.000000	0.000000	0.000000	0.000000
scaffold_32	0.000000	0.000000	0.000000	0.000000	0.000000	0.000000	0.000000
scaffold_33	0.000000	0.000000	0.000000	0.000000	0.000000	0.000000	0.000000
scaffold_34	0.000000	0.000000	0.000000	0.000000	0.000000	0.000000	0.000000
scaffold_35	0.000000	0.000000	0.000000	0.000000	0.000000	0.000000	0.000000
scaffold_36	0.000000	0.000000	0.000000	0.000000	0.000000	0.000000	0.000000
scaffold_37	0.000000	0.000000	0.000000	0.000000	0.000000	0.000000	0.000000
scaffold_38	0.000000	0.000000	0.000000	0.000000	0.000000	0.000000	0.000000
scaffold_39	0.000000	0.000000	0.000000	0.000000	0.000000	0.000000	0.000000
scaffold_40	0.000000	0.000000	0.000000	0.000000	0.000000	0.000000	0.000000
scaffold_41	0.000000	0.000000	0.000000	0.000000	0.000000	0.000000	0.000000
scaffold_42	0.000000	0.000000	0.000000	0.000000	0.000000	0.000000	0.000000
scaffold_43	0.000000	0.000000	0.000000	0.000000	0.000000	0.000000	0.000000
scaffold_44	0.000000	0.000000	0.000000	0.000000	0.000000	0.000000	0.000000
scaffold_45	0.000000	0.000000	0.000000	0.000000	0.000000	0.000000	0.000000
scaffold_46	0.000000	0.000000	0.000000	0.000000	0.000000	0.000000	0.000000
scaffold_47	0.000000	0.000000	0.000000	0.000000	0.000000	0.000000	0.000000
scaffold_48	0.000000	0.000000	0.000000	0.000000	0.000000	0.000000	0.000000
scaffold_49	0.000000	0.000000	0.000000	0.000000	0.000000	0.000000	0.000000
scaffold_50	0.000000	0.000000	0.000000	0.000000	0.000000	0.000000	0.000000
scaffold_51	0.000000	0.000000	0.000000	0.000000	0.000000	0.000000	0.000000
scaffold_52	0.000000	0.000000	0.000000	0.000000	0.000000	0.000000	0.000000
scaffold_53	0.000000	0.000000	0.000000	0.000000	0.000000	0.000000	0.000000
scaffold_54	0.000000	0.000000	0.000000	0.000000	0.000000	0.000000	0.000000
scaffold_55	0.000000	0.000000	0.000000	0.000000	0.000000	0.000000	0.000000
scaffold_56	0.000000	0.000000	0.000000	0.000000	0.000000	0.000000	0.000000
scaffold_57	0.000000	0.000000	0.000000	0.000000	0.000000	0.000000	0.000000
scaffold_58	0.000000	0.000000	0.000000	0.000000	0.000000	0.000000	0.000000
scaffold_59	0.000000	0.000000	0.000000	0.000000	0.000000	0.000000	0.000000
scaffold_60	0.000000	0.000000	0.000000	0.000000	0.000000	0.000000	0.000000
scaffold_61	0.000000	0.000000	0.000000	0.000000	0.000000	0.000000	0.000000
scaffold_62	0.000000	0.000000	0.000000	0.000000	0.000000	0.000000	0.000000
scaffold_63	0.000000	0.000000	0.000000	0.000000	0.000000	0.000000	0.000000
scaffold_64	0.000000	0.000000	0.000000	0.000000	0.000000	0.000000	0.000000
scaffold_65	0.000000	0.000000	0.000000	0.000000	0.000000	0.000000	0.000000
scaffold_66	0.000000	0.000000	0.000000	0.000000	0.000000	0.000000	0.000000
scaffold_67	0.000000	0.000000	0.000000	0.000000	0.000000	0.000000	0.000000
scaffold_68	0.000000	0.000000	0.000000	0.000000	0.000000	0.000000	0.000000
scaffold_69	0.000000	0.000000	0.000000	0.000000	0.000000	0.000000	0.000000
scaffold_70	0.000000	0.000000	0.000000	0.000000	0.000000	0.000000	0.000000
scaffold_71	0.000000	0.000000	0.000000	0.000000	0.000000	0.000000	0.000000
scaffold_72	0.000000	0.000000	0.000000	0.000000	0.000000	0.000000	0.000000
scaffold_73	0.000000	0.000000	0.000000	0.000000	0.000000	0.000000	0.000000
scaffold_74	0.000000	0.000000	0.000000	0.000000	0.000000	0.000000	0.000000
scaffold_75	0.000000	0.000000	0.000000	0.000000	0.000000	0.000000	0.000000
scaffold_76	0.000000	0.000000	0.000000	0.000000	0.000000	0.000000	0.000000
scaffold_77	0.000000	0.000000	0.000000	0.000000	0.000000	0.000000	0.000000
scaffold_78	0.000000	0.000000	0.000000	0.000000	0.000000	0.000000	0.000000
scaffold_79	0.000000	0.000000	0.000000	0.000000	0.000000	0.000000	0.000000
scaffold_80	0.000000	0.000000	0.000000	0.000000	0.000000	0.000000	0.000000
scaffold_81	0.000000	0.000000	0.000000	0.000000	0.000000	0.000000	0.000000
scaffold_82	0.000000	0.000000	0.000000	0.000000	0.000000	0.000000	0.000000
scaffold_83	0.000000	0.000000	0.000000	0.000000	0.000000	0.000000	0.000000
scaffold_84	0.000000	0.000000	0.000000	0.000000	0.000000	0.000000	0.000000
scaffold_85	0.000000	0.000000	0.000000	0.000000	0.000000	0.000000	0.000000
scaffold_86	0.000000	0.000000	0.000000	0.000000	0.000000	0.000000	0.000000
scaffold_87	0.000000	0.000000	0.000000	0.000000	0.000000	0.000000	0.000000
scaffold_88	0.000000	0.000000	0.000000	0.000000	0.000000	0.000000	0.000000
scaffold_89	0.000000	0.000000	0.000000	0.000000	0.000000	0.000000	0.000000
scaffold_90	0.000000	0.000000	0.000000	0.000000	0.000000	0.000000	0.000000
scaffold_91	0.000000	0.000000	0.000000	0.000000	0.000000	0.000000	0.000000
scaffold_92	0.000000	0.000000	0.000000	0.000000	0.000000	0.000000	0.000000
scaffold_93	0.000000	0.000000	0.000000	0.000000	0.000000	0.000000	0.000000
scaffold_94	0.000000	0.000000	0.000000	0.000000	0.000000	0.000000	0.000000
scaffold_95	0.000000	0.000000	0.000000	0.000000	0.000000	0.000000	0.000000
scaffold_96	0.000000	0.000000	0.000000	0.000000	0.000000	0.000000	0.000000
scaffold_97	0.000000	0.000000	0.000000	0.000000	0.000000	0.000000	0.000000
scaffold_98	0.000000	0.000000	0.000000	0.000000	0.000000	0.000000	0.000000
scaffold_99	0.000000	0.000000	0.000000	0.000000	0.000000	0.000000	0.000000
scaffold_100	0.000000	0.000000	0.000000	0.000000	0.000000	0.000000	0.000000
scaffold_101	0.000000	0.000000	0.000000	0.000000	0.000000	0.000000	0.000000
scaffold_102	0.000000	0.000000	0.000000	0.000000	0.000000	0.000000	0.000000
scaffold_103	0.000000	0.000000	0.000000	0.000000	0.000000	0.000000	0.000000
scaffold_104	0.000000	0.000000	0.000000	0.000000	0.000000	0.000000	0.000000
scaffold_105	0.000000	0.000000	0.000000	0.000000	0.000000	0.000000	0.000000
scaffold_106	0.000000	0.000000	0.000000	0.000000	0.000000	0.000000	0.000000
scaffold_107	0.000000	0.000000	0.000000	0.000000	0.000000	0.000000	0.000000
scaffold_108	0.000000	0.000000	0.000000	0.000000	0.000000	0.000000	0.000000
scaffold_109	0.000000	0.000000	0.000000	0.000000	0.000000	0.000000	0.000000
scaffold_110	0.000000	0.000000	0.000000	0.000000	0.000000	0.000000	0.000000
scaffold_111	0.000000	0.000000	0.000000	0.000000	0.000000	0.000000	0.000000
scaffold_112	0.000000	0.000000	0.000000	0.000000	0.000000	0.000000	0.000000
scaffold_113	0.000000	0.000000	0.000000	0.000000	0.000000	0.000000	0.000000
scaffold_114	0.000000	0.000000	0.000000	0.000000	0.000000	0.000000	0.000000
scaffold_115	0.000000	0.000000	0.000000	0.000000	0.000000	0.000000	0.000000
scaffold_116	0.000000	0.000000	0.000000	0.000000	0.000000	0.000000	0.000000
scaffold_117	0.000000	0.000000	0.000000	0.000000	0.000000	0.000000	0.000000
scaffold_118	0.000000	0.000000	0.000000	0.000000	0.000000	0.000000	0.000000
scaffold_119	0.000000	0.000000	0.000000	0.000000	0.000000	0.000000	0.000000
scaffold_120	0.000000	0.000000	0.000000	0.000000	0.000000	0.000000	0.000000
scaffold_121	0.000000	0.000000	0.000000	0.000000	0.000000	0.000000	0.000000
scaffold_122	0.000000	0.000000	0.000000	0.000000	0.000000	0.000000	0.000000
scaffold_123	0.000000	0.000000	0.000000	0.000000	0.000000	0.000000	0.000000
scaffold_124	0.000000	0.000000	0.000000	0.000000	0.000000	0.000000	0.000000
scaffold_125	0.000000	0.000000	0.000000	0.000000	0.000000	0.000000	0.000000
scaffold_126	0.000000	0.000000	0.000000	0.000000	0.000000	0.000000	0.000000
scaffold_127	0.000000	0.000000	0.000000	0.000000	0.000000	0.000000	0.000000
scaffold_128	0.000000	0.000000	0.000000	0.000000	0.000000	0.000000	0.000000
scaffold_129	0.000000	0.000000	0.000000	0.000000	0.000000	0.000000	0.000000
scaffold_130	0.000000	0.000000	0.000000	0.000000	0.000000	0.000000	0.000000
scaffold_131	0.000000	0.000000	0.000000	0.000000	0.000000	0.000000	0.000000
scaffold_132	0.000000	0.000000	0.000000	0.000000	0.000000	0.000000	0.000000
scaffold_133	0.000000	0.000000	0.000000	0.000000	0.000000	0.000000	0.000000
scaffold_134	0.000000	0.000000	0.000000	0.000000	0.000000	0.000000	0.000000
scaffold_135	0.000000	0.000000	0.000000	0.000000	0.000000	0.000000	0.000000
scaffold_136	0.000000	0.000000	0.000000	0.000000	0.000000	0.000000	0.000000
scaffold_137	0.000000	0.000000	0.000000	0.000000	0.000000	0.000000	0.000000
scaffold_138	0.000000	0.000000	0.000000	0.000000	0.000000	0.000000	0.000000
scaffold_139	0.000000	0.000000	0.000000	0.000000	0.000000	0.000000	0.000000
scaffold_140	0.000000	0.000000	0.000000	0.000000	0.000000	0.000000	0.000000
scaffold_141	0.000000	0.000000	0.000000	0.000000	0.000000	0.000000	0.000000
scaffold_142	0.000000	0.000000	0.000000	0.000000	0.000000	0.000000	0.000000
scaffold_143	0.000000	0.000000	0.000000	0.000000	0.000000	0.000000	0.000000
scaffold_144	0.000000	0.000000	0.000000	0.000000	0.000000	0.000000	0.000000
scaffold_145	0.000000	0.000000	0.000000	0.000000	0.000000	0.000000	0.000000
scaffold_146	0.000000	0.000000	0.000000	0.000000	0.000000	0.000000	0.000000
scaffold_147	0.000000	0.000000	0.000000	0.000000	0.000000	0.000000	0.000000
scaffold_148	0.000000	0.000000	0.000000	0.000000	0.000000	0.000000	0.000000
scaffold_149	0.000000	0.000000	0.000000	0.000000	0.000000	0.000000	0.000000
scaffold_150	0.000000	0.000000	0.000000	0.000000	0.000000	0.000000	0.000000
scaffold_151	0.000000	0.000000	0.000000	0.000000	0.000000	0.000000	0.000000
scaffold_152	0.000000	0.000000	0.000000	0.000000	0.000000	0.000000	0.000000
scaffold_153	0.000000	0.000000	0.000000	0.000000	0.000000	0.000000	0.000000
scaffold_154	0.000000	0.000000	0.000000	0.000000	0.000000	0.000000	0.000000
scaffold_155	0.000000	0.000000	0.000000	0.000000	0.000000	0.000000	0.000000
scaffold_156	0.000000	0.000000	0.000000	0.000000	0.000000	0.000000	0.000000
scaffold_157	0.000000	0.000000	0.000000	0.000000	0.000000	0.000000	0.000000
scaffold_158	0.000000	0.000000	0.000000	0.000000	0.000000	0.000000	0.000000
scaffold_159	0.000000	0.000000	0.000000	0.000000	0.000000	0.000000	0.000000
scaffold_160	0.000000	0.000000	0.000000	0.000000	0.000000	0.000000	0.000000
scaffold_161	0.000000	0.000000	0.000000	0.000000	0.000000	0.000000	0.000000
scaffold_162	0.000000	0.000000	0.000000	0.000000	0.000000	0.000000	0.000000
scaffold_163	0.000000	0.000000	0.000000	0.000000	0.000000	0.000000	0.000000
scaffold_164	0.000000	0.000000	0.000000	0.000000	0.000000	0.000000	0.000000
scaffold_165	0.000000	0.000000	0.000000	0.000000	0.000000	0.000000	0.000000
scaffold_166	0.000000	0.000000	0.000000	0.000000	0.000000	0.000000	0.000000
scaffold_167	0.000000	0.000000	0.000000	0.000000	0.000000	0.000000	0.000000
scaffold_168	0.000000	0.000000	0.000000	0.000000	0.000000	0.000000	0.000000
scaffold_169	0.000000	0.000000	0.000000	0.000000	0.000000	0.000000	0.000000
scaffold_170	0.000000	0.000000	0.000000	0.000000	0.000000	0.000000	0.000000
scaffold_171	0.000000	0.000000	0.000000	0.000000	0.000000	0.000000	0.000000
scaffold_172	0.000000	0.000000	0.000000	0.000000	0.000000	0.000000	0.000000
scaffold_173	0.000000	0.000000	0.000000	0.000000	0.000000	0.000000	0.000000
scaffold_174	0.000000	0.000000	0.000000	0.000000	0.000000	0.000000	0.000000
scaffold_175	0.000000	0.000000	0.000000	0.000000	0.000000	0.000000	0.000000
scaffold_176	0.000000	0.000000	0.000000	0.000000	0.000000	0.000000	0.000000
scaffold_177	0.000000	0.000000	0.000000	0.000000	0.000000	0.000000	0.000000
scaffold_178	0.000000	0.000000	0.000000	0.000000	0.000000	0.000000	0.000000
scaffold_179	0.000000	0.000000	0.000000	0.000000	0.000000	0.000000	0.000000
scaffold_180	0.000000	0.000000	0.000000	0.000000	0.000000	0.000000	0.000000
scaffold_181	0.000000	0.000000	0.000000	0.000000	0.000000	0.000000	0.000000
scaffold_182	0.000000	0.000000	0.000000	0.000000	0.000000	0.000000	0.000000
scaffold_183	0.000000	0.000000	0.000000	0.000000	0.000000	0.000000	0.000000
scaffold_184	0.000000	0.000000	0.000000	0.000000	0.000000	0.000000	0.000000
scaffold_185	0.000000	0.000000	0.000000	0.000000	0.000000	0.000000	0.000000
scaffold_186	0.000000	0.000000	0.000000	0.000000	0.000000	0.000000	0.000000
scaffold_187	0.000000	0.000000	0.000000	0.000000	0.000000	0.000000	0.000000
scaffold_188	0.000000	0.000000	0.000000	0.000000	0.000000	0.000000	0.000000
scaffold_189	0.000000	0.000000	0.000000	0.000000	0.000000	0.000000	0.000000
scaffold_190	0.000000	0.000000	0.000000	0.000000	0.000000	0.000000	0.000000
scaffold_191	0.000000	0.000000	0.000000	0.000000	0.000000	0.000000	0.000000
scaffold_192	0.000000	0.000000	0.000000	0.000000	0.000000	0.000000	0.000000
scaffold_193	0.000000	0.000000	0.000000	0.000000	0.000000	0.000000	0.000000
scaffold_194	0.000000	0.000000	0.000000	0.000000	0.000000	0.000000	0.000000
scaffold_195	0.000000	0.000000	0.000000	0.000000	0.000000	0.000000	0.000000
scaffold_196	0.000000	0.000000	0.000000	0.000000	0.000000	0.000000	0.000000
scaffold_197	0.000000	0.000000	0.000000	0.000000	0.000000	0.000000	0.000000
scaffold_198	0.000000	0.000000	0.000000	0.000000	0.000000	0.000000	0.000000
scaffold_199	0.000000	0.000000	0.000000	0.000000	0.000000	0.000000	0.000000
scaffold_200	0.000000	0.000000	0.000000	0.000000	0.000000	0.000000	0.000000
scaffold_201	0.000000	0.000000	0.000000	0.000000	0.000000	0.000000	0.000000
scaffold_202	0.000000	0.000000	0.000000	0.000000	0.000000	0.000000	0.000000
scaffold_203	0.000000	0.000000	0.000000	0.000000	0.000000	0.000000	0.000000
scaffold_204	0.000000	0.000000	0.000000	0.000000	0.000000	0.000000	0.000000
scaffold_205	0.000000	0.000000	0.000000	0.000000	0.000000	0.000000	0.000000
scaffold_206	0.000000	0.000000	0.000000	0.000000	0.000000	0.000000	0.000000
scaffold_207	0.000000	0.000000	0.000000	0.000000	0.000000	0.000000	0.000000
scaffold_208	0.000000	0.000000	0.000000	0.000000	0.000000	0.000000	0.000000
scaffold_209	0.000000	0.000000	0.000000	0.000000	0.000000	0.000000	0.000000
scaffold_210	0.000000	0.000000	0.000000	0.000000	0.000000	0.000000	0.000000
scaffold_211	0.000000	0.000000	0.000000	0.000000	0.000000	0.000000	0.000000
scaffold_212	0.000000	0.000000	0.000000	0.000000	0.000000	0.000000	0.000000
scaffold_213	0.000000	0.000000	0.000000	0.000000	0.000000	0.000000	0.000000
scaffold_214	0.000000	0.000000	0.000000	0.000000	0.000000	0.000000	0.000000
scaffold_215	0.000000	0.000000	0.000000	0.000000	0.000000	0.000000	0.000000
scaffold_216	0.000000	0.000000	0.000000	0.000000	0.000000	0.000000	0.000000
scaffold_217	0.000000	0.000000	0.000000	0.000000	0.000000	0.000000	0.000000
scaffold_218	0.000000	0.000000	0.000000	0.000000	0.000000	0.000000	0.000000
scaffold_219	0.000000	0.000000	0.000000	0.000000	0.000000	0.000000	0.000000
scaffold_220	0.000000	0.000000	0.000000	0.000000	0.000000	0.000000	0.000000
scaffold_221	0.000000	0.000000	0.000000	0.000000	0.000000	0.000000	0.000000
scaffold_222	0.000000	0.000000	0.000000	0.000000	0.000000	0.000000	0.000000
scaffold_223	0.000000	0.000000	0.000000	0.000000	0.000000	0.000000	0.000000
scaffold_224	0.000000	0.000000	0.000000	0.000000	0.000000	0.000000	0.000000
scaffold_225	0.000000	0.000000	0.000000	0.000000	0.000000	0.000000	0.000000
scaffold_226	0.000000	0.000000	0.000000	0.000000	0.000000	0.000000	0.000000
scaffold_227	0.000000	0.000000	0.000000	0.000000	0.000000	0.000000	0.000000
scaffold_228	0.000000	0.000000	0.000000	0.000000	0.000000	0.000000	0.000000
scaffold_229	0.000000	0.000000	0.000000	0.000000	0.000000	0.000000	0.000000
scaffold_230	0.000000	0.000000	0.000000	0.000000	0.000000	0.000000	0.000000
scaffold_231	0.000000	0.000000	0.000000	0.000000	0.000000	0.000000	0.000000
scaffold_232	0.000000	0.000000	0.000000	0.000000	0.000000	0.000000	0.000000
scaffold_233	0.000000	0.000000	0.000000	0.000000	0.000000	0.000000	0.000000
scaffold_234	0.000000	0.000000	0.000000	0.000000	0.000000	0.000000	0.000000
scaffold_235	0.000000	0.000000	0.000000	0.000000	0.000000	0.000000	0.000000
scaffold_236	0.000000	0.000000	0.000000	0.000000	0.000000	0.000000	0.000000
scaffold_237	0.000000	0.000000	0.000000	0.000000	0.000000	0.000000	0.000000
scaffold_238	0.000000	0.000000	0.000000	0.000000	0.000000	0.000000	0.000000
scaffold_239	0.000000	0.000000	0.000000	0.000000	0.000000	0.000000	0.000000
scaffold_240	0.000000	0.000000	0.000000	0.000000	0.000000	0.000000	0.000000
scaffold_241	0.000000	0.000000	0.000000	0.000000	0.000000	0.000000	0.000000
scaffold_242	0.000000	0.000000	0.000000	0.000000	0.000000	0.000000	0.000000
scaffold_243	0.000000	0.000000	0.000000	0.000000	0.000000	0.000000	0.000000
scaffold_244	0.000000	0.000000	0.000000	0.000000	0.000000	0.000000	0.000000
scaffold_245	0.000000	0.000000	0.000000	0.000000	0.000000	0.000000	0.000000
scaffold_246	0.000000	0.000000	0.000000	0.000000	0.000000	0.000000	0.000000
scaffold_247	0.000000	0.000000	0.000000	0.000000	0.000000	0.000000	0.000000
scaffold_248	0.000000	0.000000	0.000000	0.000000	0.000000	0.000000	0.000000
scaffold_249	0.000000	0.000000	0.000000	0.000000	0.000000	0.000000	0.000000
scaffold_250	0.000000	0.000000	0.000000	0.000000	0.000000	0.000000	0.000000
scaffold_251	0.000000	0.000000	0.000000	0.000000	0.000000	0.000000	0.000000
scaffold_252	0.000000	0.000000	0.000000	0.000000	0.000000	0.000000	0.000000
scaffold_253	0.000000	0.000000	0.000000	0.000000	0.000000	0.000000	0.000000
scaffold_254	0.000000	0.000000	0.000000	0.000000	0.000000	0.000000	0.000000
scaffold_255	0.000000	0.000000	0.000000	0.000000	0.000000	0.000000	0.000000
scaffold_256	0.000000	0.000000	0.000000	0.000000	0.000000	0.000000	0.000000
scaffold_257	0.000000	0.000000	0.000000	0.000000	0.000000	0.000000	0.000000
scaffold_258	0.000000	0.000000	0.000000	0.000000	0.000000	0.000000	0.000000
scaffold_259	0.000000	0.000000	0.000000	0.000000	0.000000	0.000000	0.000000
scaffold_260	0.000000	0.000000	0.000000	0.000000	0.000000	0.000000	0.000000
scaffold_261	0.000000	0.000000	0.000000	0.000000	0.000000	0.000000	0.000000
scaffold_262	0.000000	0.000000	0.000000	0.000000	0.000000	0.000000	0.000000
scaffold_263	0.000000	0.000000	0.000000	0.000000	0.000000	0.000000	0.000000
scaffold_264	0.000000	0.000000	0.000000	0.000000	0.000000	0.000000	0.000000
scaffold_265	0.000000	0.000000	0.000000	0.000000	0.000000	0.000000	0.000000
scaffold_266	0.000000	0.000000	0.000000	0.000000	0.000000	0.000000	0.000000
scaffold_267	0.000000	0.000000	0.000000	0.000000	0.000000	0.000000	0.000000
scaffold_268	0.000000	0.000000	0.000000	0.000000	0.000000	0.000000	0.000000
scaffold_269	0.000000	0.000000	0.000000	0.000000	0.000000	0.000000	0.000000
scaffold_270	0.000000	0.000000	0.000000	0.000000	0.000000	0.000000	0.000000
scaffold_271	0.000000	0.000000	0.000000	0.000000	0.000000	0.000000	0.000000
scaffold_272	0.000000	0.000000	0.000000	0.000000	0.000000	0.000000	0.000000
scaffold_273	0.000000	0.000000	0.000000	0.000000	0.000000	0.000000	0.000000
scaffold_274	0.000000	0.000000	0.000000	0.000000	0.000000	0.000000	0.000000
scaffold_275	0.000000	0.000000	0.000000	0.000000	0.000000	0.000000	0.000000
scaffold_276	0.000000	0.000000	0.000000	0.000000	0.000000	0.000000	0.000000
scaffold_277	0.000000	0.000000	0.000000	0.000000	0.000000	0.000000	0.000000
scaffold_278	0.000000	0.000000	0.000000	0.000000	0.000000	0.000000	0.000000
scaffold_279	0.000000	0.000000	0.000000	0.000000	0.000000	0.000000	0.000000
scaffold_280	0.000000	0.000000	0.000000	0.000000	0.000000	0.000000	0.000000
scaffold_281	0.000000	0.000000	0.000000	0.000000	0.000000	0.000000	0.000000
scaffold_282	0.000000	0.000000	0.000000	0.000000	0.000000	0.000000	0.000000
scaffold_283	0.000000	0.000000	0.000000	0.000000	0.000000	0.000000	0.000000
scaffold_284	0.000000	0.000000	0.000000	0.000000	0.000000	0.000000	0.000000
scaffold_285	0.000000	0.000000	0.000000	0.000000	0.000000	0.000000	0.000000
scaffold_286	0.000000	0.000000	0.000000	0.000000	0.000000	0.000000	0.000000
scaffold_287	0.000000	0.000000	0.000000	0.000000	0.000000	0.000000	0.000000
scaffold_288	0.000000	0.000000	0.000000	0.000000	0.000000	0.000000	0.000000
scaffold_289	0.000000	0.000000	0.000000	0.000000	0.000000	0.000000	0.000000
scaffold_290	0.000000	0.000000	0.000000	0.000000	0.000000	0.000000	0.000000
scaffold_291	0.000000	0.000000	0.000000	0.000000	0.000000	0.000000	0.000000
scaffold_292	0.000000	0.000000	0.000000	0.000000	0.000000	0.000000	0.000000
scaffold_293	0.000000	0.000000	0.000000	0.000000	0.000000	0.000000	0.000000
scaffold_294	0.000000	0.000000	0.000000	0.000000	0.000000	0.000000	0.000000
scaffold_295	0.000000	0.000000	0.000000	0.000000	0.000000	0.000000	0.000000
scaffold_296	0.000000	0.000000	0.000000	0.000000	0.000000	0.000000	0.000000
scaffold_297	0.000000	0.000000	0.000000	0.000000	0.000000	0.000000	0.000000
scaffold_298	0.000000	0.000000	0.000000	0.000000	0.000000	0.000000	0.000000
scaffold_299	0.000000	0.000000	0.000000	0.000000	0.000000	0.000000	0.000000
scaffold_300	0.000000	0.000000	0.000000	0.000000	0.000000	0.000000	0.000000
scaffold_301	0.000000	0.000000	0.000000	0.000000	0.000000	0.000000	0.000000
scaffold_302	0.000000	0.000000	0.000000	0.000000	0.000000	0.000000	0.000000
scaffold_303	0.000000	0.000000	0.000000	0.000000	0.000000	0.000000	0.000000
scaffold_304	0.000000	0.000000	0.000000	0.000000	0.000000	0.000000	0.000000
scaffold_305	0.000000	0.000000	0.000000	0.000000	0.000000	0.000000	0.000000
scaffold_306	0.000000	0.000000	0.000000	0.000000	0.000000	0.000000	0.000000
scaffold_307	0.000000	0.000000	0.000000	0.000000	0.000000	0.000000	0.000000
scaffold_308	0.000000	0.000000	0.000000	0.000000	0.000000	0.000000	0.000000
scaffold_309	0.000000	0.000000	0.000000	0.000000	0.000000	0.000000	0.000000
scaffold_310	0.000000	0.000000	0.000000	0.000000	0.000000	0.000000	0.000000
scaffold_311	0.000000	0.000000	0.000000	0.000000	0.000000	0.000000	0.000000
scaffold_312	0.000000	0.000000	0.000000	0.000000	0.000000	0.000000	0.000000
scaffold_313	0.000000	0.000000	0.000000	0.000000	0.000000	0.000000	0.000000
scaffold_314	0.000000	0.000000	0.000000	0.000000	0.000000	0.000000	0.000000
scaffold_315	0.000000	0.000000	0.000000	0.000000	0.000000	0.000000	0.000000
scaffold_316	0.000000	0.000000	0.000000	0.000000	0.000000	0.000000	0.000000
scaffold_317	0.000000	0.000000	0.000000	0.000000	0.000000	0.000000	0.000000
scaffold_318	0.000000	0.000000	0.000000	0.000000	0.000000	0.000000	0.000000
scaffold_319	0.000000	0.000000	0.000000	0.000000	0.000000	0.000000	0.000000
scaffold_320	0.000000	0.000000	0.000000	0.000000	0.000000	0.000000	0.000000
scaffold_321	0.000000	0.000000	0.000000	0.000000	0.000000	0.000000	0.000000
scaffold_322	0.000000	0.000000	0.000000	0.000000	0.000000	0.000000	0.000000
scaffold_323	0.000000	0.000000	0.000000	0.000000	0.000000	0.000000	0.000000
scaffold_324	0.000000	0.000000	0.000000	0.000000	0.000000	0.000000	0.000000
scaffold_325	0.000000	0.000000	0.000000	0.000000	0.000000	0.000000	0.000000
scaffold_326	0.000000	0.000000	0.000000	0.000000	0.000000	0.000000	0.000000
scaffold_327	0.000000	0.000000	0.000000	0.000000	0.000000	0.000000	0.000000
scaffold_328	0.000000	0.000000	0.000000	0.000000	0.000000	0.000000	0.000000
scaffold_329	0.000000	0.000000	0.000000	0.000000	0.000000	0.000000	0.000000
scaffold_330	0.000000	0.000000	0.000000	0.000000	0.000000	0.000000	0.000000
scaffold_331	0.000000	0.000000	0.000000	0.000000	0.000000	0.000000	0.000000
scaffold_332	0.000000	0.000000	0.000000	0.000000	0.000000	0.000000	0.000000
scaffold_333	0.000000	0.000000	0.000000	0.000000	0.000000	0.000000	0.000000
scaffold_334	0.000000	0.000000	0.000000	0.000000	0.000000	0.000000	0.000000
scaffold_335	0.000000	0.000000	0.000000	0.000000	0.000000	0.000000	0.000000
scaffold_336	0.000000	0.000000	0.000000	0.000000	0.000000	0.000000	0.000000
scaffold_337	0.000000	0.000000	0.000000	0.000000	0.000000	0.000000	0.000000
scaffold_338	0.000000	0.000000	0.000000	0.000000	0.000000	0.000000	0.000000
scaffold_339	0.000000	0.000000	0.000000	0.000000	0.000000	0.000000	0.000000
scaffold_340	0.000000	0.000000	0.000000	0.000000	0.000000	0.000000	0.000000
scaffold_341	0.000000	0.000000	0.000000	0.000000	0.000000	0.000000	0.000000
scaffold_342	0.000000	0.000000	0.000000	0.000000	0.000000	0.000000	0.000000
scaffold_343	0.000000	0.000000	0.000000	0.000000	0.000000	0.000000	0.000000
scaffold_344	0.000000	0.000000	0.000000	0.000000	0.000000	0.000000	0.000000
scaffold_345	0.000000	0.000000	0.000000	0.000000	0.000000	0.000000	0.000000
scaffold_346	0.000000	0.000000	0.000000	0.000000	0.000000	0.000000	0.000000
scaffold_347	0.000000	0.000000	0.000000	0.000000	0.000000	0.000000	0.000000
scaffold_348	0.000000	0.000000	0.000000	0.000000	0.000000	0.000000	0.000000
scaffold_349	0.000000	0.000000	0.000000	0.000000	0.000000	0.000000	0.000000
scaffold_350	0.000000	0.000000	0.000000	0.000000	0.000000	0.000000	0.000000
scaffold_351	0.000000	0.000000	0.000000	0.000000	0.000000	0.000000	0.000000
scaffold_352	0.000000	0.000000	0.000000	0.000000	0.000000	0.000000	0.000000
scaffold_353	0.000000	0.000000	0.000000	0.000000	0.000000	0.000000	0.000000
scaffold_354	0.000000	0.000000	0.000000	0.000000	0.000000	0.000000	0.000000
scaffold_355	0.000000	0.000000	0.000000	0.000000	0.000000	0.000000	0.000000
scaffold_356	0.000000	0.000000	0.000000	0.000000	0.000000	0.000000	0.000000
scaffold_357	0.000000	0.000000	0.000000	0.000000	0.000000	0.000000	0.000000
scaffold_358	0.000000	0.000000	0.000000	0.000000	0.000000	0.000000	0.000000
scaffold_359	0.000000	0.000000	0.000000	0.000000	0.000000	0.000000	0.000000
scaffold_360	0.000000	0.000000	0.000000	0.000000	0.000000	0.000000	0.000000
scaffold_361	0.000000	0.000000	0.000000	0.000000	0.000000	0.000000	0.000000
scaffold_362	0.000000	0.000000	0.000000	0.000000	0.000000	0.000000	0.000000
scaffold_363	0.000000	0.000000	0.000000	0.000000	0.000000	0.000000	0.000000
scaffold_364	0.000000	0.000000	0.000000	0.000000	0.000000	0.000000	0.000000
scaffold_365	0.000000	0.000000	0.000000	0.000000	0.000000	0.000000	0.000000
scaffold_366	0.000000	0.000000	0.000000	0.000000	0.000000	0.000000	0.000000
scaffold_367	0.000000	0.000000	0.000000	0.000000	0.000000	0.000000	0.000000
scaffold_368	0.000000	0.000000	0.000000	0.000000	0.000000	0.000000	0.000000
scaffold_369	0.000000	0.000000	0.000000	0.000000	0.000000	0.000000	0.000000
scaffold_370	0.000000	0.000000	0.000000	0.000000	0.000000	0.000000	0.000000
scaffold_371	0.000000	0.000000	0.000000	0.000000	0.000000	0.000000	0.000000
scaffold_372	0.000000	0.000000	0.000000	0.000000	0.000000	0.000000	0.000000
scaffold_373	0.000000	0.000000	0.000000	0.000000	0.000000	0.000000	0.000000
scaffold_374	0.000000	0.000000	0.000000	0.000000	0.000000	0.000000	0.000000
scaffold_375	0.000000	0.000000	0.000000	0.000000	0.000000	0.000000	0.000000
scaffold_376	0.000000	0.000000	0.000000	0.000000	0.000000	0.000000	0.000000
scaffold_377	0.000000	0.000000	0.000000	0.000000	0.000000	0.000000	0.000000
scaffold_378	0.000000	0.000000	0.000000	0.000000	0.000000	0.000000	0.000000
scaffold_379	0.000000	0.000000	0.000000	0.000000	0.000000	0.000000	0.000000
scaffold_380	0.000000	0.000000	0.000000	0.000000	0.000000	0.000000	0.000000
scaffold_381	0.000000	0.000000	0.000000	0.000000	0.000000	0.000000	0.000000
scaffold_382	0.000000	0.000000	0.000000	0.000000	0.000000	0.000000	0.000000
scaffold_383	0.000000	0.000000	0.000000	0.000000	0.000000	0.000000	0.000000
scaffold_384	0.000000	0.000000	0.000000	0.000000	0.000000	0.000000	0.000000
scaffold_385	0.000000	0.000000	0.000000	0.000000	0.000000	0.000000	0.000000
scaffold_386	0.000000	0.000000	0.000000	0.000000	0.000000	0.000000	0.000000
scaffold_387	0.000000	0.000000	0.000000	0.000000	0.000000	0.000000	0.000000
scaffold_388	0.000000	0.000000	0.000000	0.000000	0.000000	0.000000	0.000000
scaffold_389	0.000000	0.000000	0.000000	0.000000	0.000000	0.000000	0.000000
scaffold_390	0.000000	0.000000	0.000000	0.000000	0.000000	0.000000	0.000000
scaffold_391	0.000000	0.000000	0.000000	0.000000	0.000000	0.000000	0.000000
scaffold_392	0.000000	0.000000	0.000000	0.000000	0.000000	0.000000	0.000000
scaffold_393	0.000000	0.000000	0.000000	0.000000	0.000000	0.000000	0.000000
scaffold_394	0.000000	0.000000	0.000000	0.000000	0.000000	0.000000	0.000000
scaffold_395	0.000000	0.000000	0.000000	0.000000	0.000000	0.000000	0.000000
scaffold_396	0.000000	0.000000	0.000000	0.000000	0.000000	0.000000	0.000000
scaffold_397	0.000000	0.000000	0.000000	0.000000	0.000000	0.000000	0.000000
scaffold_398	0.000000	0.000000	0.000000	0.000000	0.000000	0.000000	0.000000
scaffold_399	0.000000	0.000000	0.000000	0.000000	0.000000	0.000000	0.000000
scaffold_400	0.000000	0.000000	0.000000	0.000000	0.000000	0.000000	0.000000
scaffold_401	0.000000	0.000000	0.000000	0.000000	0.000000	0.000000	0.000000
scaffold_402	0.000000	0.000000	0.000000	0.000000	0.000000	0.000000	0.000000
scaffold_403	0.000000	0.000000	0.000000	0.000000	0.000000	0.000000	0.000000
scaffold_404	0.000000	0.000000	0.000000	0.000000	0.000000	0.000000	0.000000
scaffold_405	0.000000	0.000000	0.000000	0.000000	0.000000	0.000000	0.000000
scaffold_406	0.000000	0.000000	0.000000	0.000000	0.000000	0.000000	0.000000
scaffold_407	0.000000	0.000000	0.000000	0.000000	0.000000	0.000000	0.000000
scaffold_408	0.000000	0.000000	0.000000	0.000000	0.000000	0.000000	0.000000
scaffold_409	0.000000	0.000000	0.000000	0.000000	0.000000	0.000000	0.000000
scaffold_410	0.000000	0.000000	0.000000	0.000000	0.000000	0.000000	0.000000
scaffold_411	0.000000	0.000000	0.000000	0.000000	0.000000	0.000000	0.000000
scaffold_412	0.000000	0.000000	0.000000	0.000000	0.000000	0.000000	0.000000
scaffold_413	0.000000	0.000000	0.000000	0.000000	0.000000	0.000000	0.000000
scaffold_414	0.000000	0.000000	0.000000	0.000000	0.000000	0.000000	0.000000
scaffold_415	0.000000	0.000000	0.000000	0.000000	0.000000	0.000000	0.000000
scaffold_416	0.000000	0.000000	0.000000	0.000000	0.000000	0.000000	0.000000
scaffold_417	0.000000	0.000000	0.000000	0.000000	0.000000	0.000000	0.000000
scaffold_418	0.000000	0.000000	0.000000	0.000000	0.000000	0.000000	0.000000
scaffold_419	0.000000	0.000000	0.000000	0.000000	0.000000	0.000000	0.000000
scaffold_420	0.000000	0.000000	0.000000	0.000000	0.000000	0.000000	0.000000
scaffold_421	0.000000	0.000000	0.000000	0.000000	0.000000	0.000000	0.000000
scaffold_422	0.000000	0.000000	0.000000	0.000000	0.000000	0.000000	0.000000
scaffold_423	0.000000	0.000000	0.000000	0.000000	0.000000	0.000000	0.000000
scaffold_424	0.000000	0.000000	0.000000	0.000000	0.000000	0.000000	0.000000
scaffold_425	0.000000	0.000000	0.000000	0.000000	0.000000	0.000000	0.000000
scaffold_426	0.000000	0.000000	0.000000	0.000000	0.000000	0.000000	0.000000
scaffold_427	0.000000	0.000000	0.000000	0.000000	0.000000	0.000000	0.000000
scaffold_428	0.000000	0.000000	0.000000	0.000000	0.000000	0.000000	0.000000
scaffold_429	0.000000	0.000000	0.000000	0.000000	0.000000	0.000000	0.000000
scaffold_430	0.000000	0.000000	0.000000	0.000000	0.000000	0.000000	0.000000
scaffold_431	0.000000	0.000000	0.000000	0.000000	0.000000	0.000000	0.000000
scaffold_432	0.000000	0.000000	0.000000	0.000000	0.000000	0.000000	0.000000
scaffold_433	0.000000	0.000000	0.000000	0.000000	0.000000	0.000000	0.000000
scaffold_434	0.000000	0.000000	0.000000	0.000000	0.000000	0.000000	0.000000
scaffold_435	0.000000	0.000000	0.000000	0.000000	0.000000	0.000000	0.000000
scaffold_436	0.000000	0.000000	0.000000	0.000000	0.000000	0.000000	0.000000
scaffold_437	0.000000	0.000000	0.000000	0.000000	0.000000	0.000000	0.000000
scaffold_438	0.000000	0.000000	0.000000	0.000000	0.000000	0.000000	0.000000
scaffold_439	0.000000	0.000000	0.000000	0.000000	0.000000	0.000000	0.000000
scaffold_440	0.000000	0.000000	0.000000	0.000000	0.000000	0.000000	0.000000
scaffold_441	0.000000	0.000000	0.000000	0.000000	0.000000	0.000000	0.000000
scaffold_442	0.000000	0.000000	0.000000	0.000000	0.000000	0.000000	0.000000
scaffold_443	0.000000	0.000000	0.000000	0.000000	0.000000	0.000000	0.000000
scaffold_444	0.000000	0.000000	0.000000	0.000000	0.000000	0.000000	0.000000
scaffold_445	0.000000	0.000000	0.000000	0.000000	0.000000	0.000000	0.000000
scaffold_446	0.000000	0.000000	0.000000	0.000000	0.000000	0.000000	0.000000
scaffold_447	0.000000	0.000000	0.000000	0.000000	0.000000	0.000000	0.000000
scaffold_448	0.000000	0.000000	0.000000	0.000000	0.000000	0.000000	0.000000
scaffold_449	0.000000	0.000000	0.000000	0.000000	0.000000	0.000000	0.000000
scaffold_450	0.000000	0.000000	0.000000	0.000000	0.000000	0.000000	0.000000
scaffold_451	0.000000	0.000000	0.000000	0.000000	0.000000	0.000000	0.000000
scaffold_452	0.000000	0.000000	0.000000	0.000000	0.000000	0.000000	0.000000
scaffold_453	0.000000	0.000000	0.000000	0.000000	0.000000	0.000000	0.000000
scaffold_454	0.000000	0.000000	0.000000	0.000000	0.000000	0.000000	0.000000
scaffold_455	0.000000	0.000000	0.000000	0.000000	0.000000	0.000000	0.000000
scaffold_456	0.000000	0.000000	0.000000	0.000000	0.000000	0.000000	0.000000
scaffold_457	0.000000	0.000000	0.000000	0.000000	0.000000	0.000000	0.000000
scaffold_458	0.000000	0.000000	0.000000	0.000000	0.000000	0.000000	0.000000
scaffold_459	0.000000	0.000000	0.000000	0.000000	0.000000	0.000000	0.000000
scaffold_460	0.000000	0.000000	0.000000	0.000000	0.000000	0.000000	0.000000
scaffold_461	0.000000	0.000000	0.000000	0.000000	0.000000	0.000000	0.000000
scaffold_462	0.000000	0.000000	0.000000	0.000000	0.000000	0.000000	0.000000
scaffold_463	0.000000	0.000000	0.000000	0.000000	0.000000	0.000000	0.000000
scaffold_464	0.000000	0.000000	0.000000	0.000000	0.000000	0.000000	0.000000
scaffold_465	0.000000	0.000000	0.000000	0.000000	0.000000	0.000000	0.000000
scaffold_466	0.000000	0.000000	0.000000	0.000000	0.000000	0.000000	0.000000
scaffold_467	0.000000	0.000000	0.000000	0.000000	0.000000	0.000000	0.000000
scaffold_468	0.000000	0.000000	0.000000	0.000000	0.000000	0.000000	0.000000
scaffold_469	0.000000	0.000000	0.000000	0.000000	0.000000	0.000000	0.000000
scaffold_470	0.000000	0.000000	0.000000	0.000000	0.000000	0.000000	0.000000
scaffold_471	0.000000	0.000000	0.000000	0.000000	0.000000	0.000000	0.000000
scaffold_472	0.000000	0.000000	0.000000	0.000000	0.000000	0.000000	0.000000
scaffold_473	0.000000	0.000000	0.000000	0.000000	0.000000	0.000000	0.000000
scaffold_474	0.000000	0.000000	0.000000	0.000000	0.000000	0.000000	0.000000
scaffold_475	0.000000	0.000000	0.000000	0.000000	0.000000	0.000000	0.000000
scaffold_476	0.000000	0.000000	0.000000	0.000000	0.000000	0.000000	0.000000
scaffold_477	0.000000	0.000000	0.000000	0.000000	0.000000	0.000000	0.000000
scaffold_478	0.000000	0.000000	0.000000	0.000000	0.000000	0.000000	0.000000
scaffold_479	0.000000	0.000000	0.000000	0.000000	0.000000	0.000000	0.000000
scaffold_480	0.000000	0.000000	0.000000	0.000000	0.000000	0.000000	0.000000
scaffold_481	0.000000	0.000000	0.000000	0.000000	0.000000	0.000000	0.000000
scaffold_482	0.000000	0.000000	0.000000	0.000000	0.000000	0.000000	0.000000
scaffold_483	0.000000	0.000000	0.000000	0.000000	0.000000	0.000000	0.000000
scaffold_484	0.000000	0.000000	0.000000	0.000000	0.000000	0.000000	0.000000
scaffold_485	0.000000	0.000000	0.000000	0.000000	0.000000	0.000000	0.000000
scaffold_486	0.000000	0.000000	0.000000	0.000000	0.000000	0.000000	0.000000
scaffold_487	0.000000	0.000000	0.000000	0.000000	0.000000	0.000000	0.000000
scaffold_488	0.000000	0.000000	0.000000	0.000000	0.000000	0.000000	0.000000
scaffold_489	0.000000	0.000000	0.000000	0.000000	0.000000	0.000000	0.000000
scaffold_490	0.000000	0.000000	0.000000	0.000000	0.000000	0.000000	0.000000
scaffold_491	0.000000	0.000000	0.000000	0.000000	0.000000	0.000000	0.000000
scaffold_492	0.000000	0.000000	0.000000	0.000000	0.000000	0.000000	0.000000
scaffold_493	0.000000	0.000000	0.000000	0.000000	0.000000	0.000000	0.000000
scaffold_494	0.000000	0.000000	0.000000	0.000000	0.000000	0.000000	0.000000
scaffold_495	0.000000	0.000000	0.000000	0.000000	0.000000	0.000000	0.000000
scaffold_496	0.000000	0.000000	0.000000	0.000000	0.000000	0.000000	0.000000
scaffold_497	0.000000	0.000000	0.000000	0.000000	0.000000	0.000000	0.000000
scaffold_498	0.000000	0.000000	0.000000	0.000000	0.000000	0.000000	0.000000
scaffold_499	0.000000	0.000000	0.000000	0.000000	0.000000	0.000000	0.000000
scaffold_500	0.000000	0.000000	0.000000	0.000000	0.000000	0.000000	0.000000
scaffold_501	0.000000	0.000000	0.000000	0.000000	0.000000	0.000000	0.000000
scaffold_502	0.000000	0.000000	0.000000	0.000000	0.000000	0.000000	0.000000
scaffold_503	0.000000	0.000000	0.000000	0.000000	0.000000	0.000000	0.000000
scaffold_504	0.000000	0.000000	0.000000	0.000000	0.000000	0.000000	0.000000
scaffold_505	0.000000	0.000000	0.000000	0.000000	0.000000	0.000000	0.000000
scaffold_506	0.000000	0.000000	0.000000	0.000000	0.000000	0.000000	0.000000
scaffold_507	0.000000	0.000000	0.000000	0.000000	0.000000	0.000000	0.000000
scaffold_508	0.000000	0.000000	0.000000	0.000000	0.000000	0.000000	0.000000
scaffold_509	0.000000	0.000000	0.000000	0.000000	0.000000	0.000000	0.000000
scaffold_510	0.000000	0.000000	0.000000	0.000000	0.000000	0.000000	0.000000
scaffold_511	0.000000	0.000000	0.000000	0.000000	0.000000	0.000000	0.000000
scaffold_512	0.000000	0.000000	0.000000	0.000000	0.000000	0.000000	0.000000
scaffold_513	0.000000	0.000000	0.000000	0.000000	0.000000	0.000000	0.000000
scaffold_514	0.000000	0.000000	0.000000	0.000000	0.000000	0.000000	0.000000
scaffold_515	0.000000	0.000000	0.000000	0.000000	0.000000	0.000000	0.000000
scaffold_516	0.000000	0.000000	0.000000	0.000000	0.000000	0.000000	0.000000
scaffold_517	0.000000	0.000000	0.000000	0.000000	0.000000	0.000000	0.000000
scaffold_518	0.000000	0.000000	0.000000	0.000000	0.000000	0.000000	0.000000
scaffold_519	0.000000	0.000000	0.000000	0.000000	0.000000	0.000000	0.000000
scaffold_520	0.000000	0.000000	0.000000	0.000000	0.000000	0.000000	0.000000
scaffold_521	0.000000	0.000000	0.000000	0.000000	0.000000	0.000000	0.000000
scaffold_522	0.000000	0.000000	0.000000	0.000000	0.000000	0.000000	0.000000
scaffold_523	0.000000	0.000000	0.000000	0.000000	0.000000	0.000000	0.000000
scaffold_524	0.000000	0.000000	0.000000	0.000000	0.000000	0.000000	0.000000
scaffold_525	0.000000	0.000000	0.000000	0.000000	0.000000	0.000000	0.000000
scaffold_526	0.000000	0.000000	0.000000	0.000000	0.000000	0.000000	0.000000
scaffold_527	0.000000	0.000000	0.000000	0.000000	0.000000	0.000000	0.000000
scaffold_528	0.000000	0.000000	0.000000	0.000000	0.000000	0.000000	0.000000
scaffold_529	0.000000	0.000000	0.000000	0.000000	0.000000	0.000000	0.000000
scaffold_530	0.000000	0.000000	0.000000	0.000000	0.000000	0.000000	0.000000
scaffold_531	0.000000	0.000000	0.000000	0.000000	0.000000	0.000000	0.000000
scaffold_532	0.000000	0.000000	0.000000	0.000000	0.000000	0.000000	0.000000
scaffold_533	0.000000	0.000000	0.000000	0.000000	0.000000	0.000000	0.000000
scaffold_534	0.000000	0.000000	0.000000	0.000000	0.000000	0.000000	0.000000
scaffold_535	0.000000	0.000000	0.000000	0.000000	0.000000	0.000000	0.000000
scaffold_536	0.000000	0.000000	0.000000	0.000000	0.000000	0.000000	0.000000
scaffold_537	0.000000	0.000000	0.000000	0.000000	0.000000	0.000000	0.000000
scaffold_538	0.000000	0.000000	0.000000	0.000000	0.000000	0.000000	0.000000
scaffold_539	0.000000	0.000000	0.000000	0.000000	0.000000	0.000000	0.000000
scaffold_540	0.000000	0.000000	0.000000	0.000000	0.000000	0.000000	0.000000
scaffold_541	0.000000	0.000000	0.000000	0.000000	0.000000	0.000000	0.000000
scaffold_542	0.000000	0.000000	0.000000	0.000000	0.000000	0.000000	0.000000
scaffold_543	0.000000	0.000000	0.000000	0.000000	0.000000	0.000000	0.000000
scaffold_544	0.000000	0.000000	0.000000	0.000000	0.000000	0.000000	0.000000
scaffold_545	0.000000	0.000000	0.000000	0.000000	0.000000	0.000000	0.000000
scaffold_546	0.000000	0.000000	0.000000	0.000000	0.000000	0.000000	0.000000
scaffold_547	0.000000	0.000000	0.000000	0.000000	0.000000	0.000000	0.000000
scaffold_548	0.000000	0.000000	0.000000	0.000000	0.000000	0.000000	0.000000
scaffold_549	0.000000	0.000000	0.000000	0.000000	0.000000	0.000000	0.000000
scaffold_550	0.000000	0.000000	0.000000	0.000000	0.000000	0.000000	0.000000
scaffold_551	0.000000	0.000000	0.000000	0.000000	0.000000	0.000000	0.000000
scaffold_552	0.000000	0.000000	0.000000	0.000000	0.000000	0.000000	0.000000
scaffold_553	0.000000	0.000000	0.000000	0.000000	0.000000	0.000000	0.000000
scaffold_554	0.000000	0.000000	0.000000	0.000000	0.000000	0.000000	0.000000
scaffold_555	0.000000	0.000000	0.000000	0.000000	0.000000	0.000000	0.000000
scaffold_556	0.000000	0.000000	0.000000	0.000000	0.000000	0.000000	0.000000
scaffold_557	0.000000	0.000000	0.000000	0.000000	0.000000	0.000000	0.000000
scaffold_558	0.000000	0.000000	0.000000	0.000000	0.000000	0.000000	0.000000
scaffold_559	0.000000	0.000000	0.000000	0.000000	0.000000	0.000000	0.000000
scaffold_560	0.000000	0.000000	0.000000	0.000000	0.000000	0.000000	0.000000
scaffold_561	0.000000	0.000000	0.000000	0.000000	0.000000	0.000000	0.000000
scaffold_562	0.000000	0.000000	0.000000	0.000000	0.000000	0.000000	0.000000
scaffold_563	0.000000	0.000000	0.000000	0.000000	0.000000	0.000000	0.000000
scaffold_564	0.000000	0.000000	0.000000	0.000000	0.000000	0.000000	0.000000
scaffold_565	0.000000	0.000000	0.000000	0.000000	0.000000	0.000000	0.000000
scaffold_566	0.000000	0.000000	0.000000	0.000000	0.000000	0.000000	0.000000
scaffold_567	0.000000	0.000000	0.000000	0.000000	0.000000	0.000000	0.000000
scaffold_568	0.000000	0.000000	0.000000	0.000000	0.000000	0.000000	0.000000
scaffold_569	0.000000	0.000000	0.000000	0.000000	0.000000	0.000000	0.000000
scaffold_570	0.000000	0.000000	0.000000	0.000000	0.000000	0.000000	0.000000
scaffold_571	0.000000	0.000000	0.000000	0.000000	0.000000	0.000000	0.000000
scaffold_572	0.000000	0.000000	0.000000	0.000000	0.000000	0.000000	0.000000
scaffold_573	0.000000	0.000000	0.000000	0.000000	0.000000	0.000000	0.000000
scaffold_574	0.000000	0.000000	0.000000	0.000000	0.000000	0.000000	0.000000
scaffold_575	0.000000	0.000000	0.000000	0.000000	0.000000	0.000000	0.000000
scaffold_576	0.000000	0.000000	0.000000	0.000000	0.000000	0.000000	0.000000
scaffold_577	0.000000	0.000000	0.000000	0.000000	0.000000	0.000000	0.000000
scaffold_578	0.000000	0.000000	0.000000	0.000000	0.000000	0.000000	0.000000
scaffold_579	0.000000	0.000000	0.000000	0.000000	0.000000	0.000000	0.000000
scaffold_580	0.000000	0.000000	0.000000	0.000000	0.000000	0.000000	0.000000
scaffold_581	0.000000	0.000000	0.000000	0.000000	0.000000	0.000000	0.000000
scaffold_582	0.000000	0.000000	0.000000	0.000000	0.000000	0.000000	0.000000
scaffold_583	0.000000	0.000000	0.000000	0.000000	0.000000	0.000000	0.000000
scaffold_584	0.000000	0.000000	0.000000	0.000000	0.000000	0.000000	0.000000
scaffold_585	0.000000	0.000000	0.000000	0.000000	0.000000	0.000000	0.000000
scaffold_586	0.000000	0.000000	0.000000	0.000000	0.000000	0.000000	0.000000
scaffold_587	0.000000	0.000000	0.000000	0.000000	0.000000	0.000000	0.000000
scaffold_588	0.000000	0.000000	0.000000	0.000000	0.000000	0.000000	0.000000
scaffold_589	0.000000	0.000000	0.000000	0.000000	0.000000	0.000000	0.000000
scaffold_590	0.000000	0.000000	0.000000	0.000000	0.000000	0.000000	0.000000
scaffold_591	0.000000	0.000000	0.000000	0.000000	0.000000	0.000000	0.000000
scaffold_592	0.000000	0.000000	0.000000	0.000000	0.000000	0.000000	0.000000
scaffold_593	0.000000	0.000000	0.000000	0.000000	0.000000	0.000000	0.000000
scaffold_594	0.000000	0.000000	0.000000	0.000000	0.000000	0.000000	0.000000
scaffold_595	0.000000	0.000000	0.000000	0.000000	0.000000	0.000000	0.000000
scaffold_596	0.000000	0.000000	0.000000	0.000000	0.000000	0.000000	0.000000
scaffold_597	0.000000	0.000000	0.000000	0.000000	0.000000	0.000000	0.000000
scaffold_598	0.000000	0.000000	0.000000	0.000000	0.000000	0.000000	0.000000
scaffold_599	0.000000	0.000000	0.000000	0.000000	0.000000	0.000000	0.000000
scaffold_600	0.000000	0.000000	0.000000	0.000000	0.000000	0.000000	0.000000
scaffold_601	0.000000	0.000000	0.000000	0.000000	0.000000	0.000000	0.000000
scaffold_602	0.000000	0.000000	0.000000	0.000000	0.000000	0.000000	0.000000
scaffold_603	0.000000	0.000000	0.000000	0.000000	0.000000	0.000000	0.000000
scaffold_604	0.000000	0.000000	0.000000	0.000000	0.000000	0.000000	0.000000
scaffold_605	0.000000	0.000000	0.000000	0.000000	0.000000	0.000000	0.000000
scaffold_606	0.000000	0.000000	0.000000	0.000000	0.000000	0.000000	0.000000
scaffold_607	0.000000	0.000000	0.000000	0.000000	0.000000	0.000000	0.000000
scaffold_608	0.000000	0.000000	0.000000	0.000000	0.000000	0.000000	0.000000
scaffold_609	0.000000	0.000000	0.000000	0.000000	0.000000	0.000000	0.000000
scaffold_610	0.000000	0.000000	0.000000	0.000000	0.000000	0.000000	0.000000
scaffold_611	0.000000	0.000000	0.000000	0.000000	0.000000	0.000000	0.000000
scaffold_612	0.000000	0.000000	0.000000	0.000000	0.000000	0.000000	0.000000
scaffold_613	0.000000	0.000000	0.000000	0.000000	0.000000	0.000000	0.000000
scaffold_614	0.000000	0.000000	0.000000	0.000000	0.000000	0.000000	0.000000
scaffold_615	0.000000	0.000000	0.000000	0.000000	0.000000	0.000000	0.000000
scaffold_616	0.000000	0.000000	0.000000	0.000000	0.000000	0.000000	0.000000
scaffold_617	0.000000	0.000000	0.000000	0.000000	0.000000	0.000000	0.000000
scaffold_618	0.000000	0.000000	0.000000	0.000000	0.000000	0.000000	0.000000
scaffold_619	0.000000	0.000000	0.000000	0.000000	0.000000	0.000000	0.000000
scaffold_620	0.000000	0.000000	0.000000	0.000000	0.000000	0.000000	0.000000
scaffold_621	0.000000	0.000000	0.000000	0.000000	0.000000	0.000000	0.000000
scaffold_622	0.000000	0.000000	0.000000	0.000000	0.000000	0.000000	0.000000
scaffold_623	0.000000	0.000000	0.000000	0.000000	0.000000	0.000000	0.000000
scaffold_624	0.000000	0.000000	0.000000	0.000000	0.000000	0.000000	0.000000
scaffold_625	0.000000	0.000000	0.000000	0.000000	0.000000	0.000000	0.000000
scaffold_626	0.000000	0.000000	0.000000	0.000000	0.000000	0.000000	0.000000
scaffold_627	0.000000	0.000000	0.000000	0.000000	0.000000	0.000000	0.000000
scaffold_628	0.000000	0.000000	0.000000	0.000000	0.000000	0.000000	0.000000
scaffold_629	0.000000	0.000000	0.000000	0.000000	0.000000	0.000000	0.000000
scaffold_630	0.000000	0.000000	0.000000	0.000000	0.000000	0.000000	0.000000
scaffold_631	0.000000	0.000000	0.000000	0.000000	0.000000	0.000000	0.000000
scaffold_632	0.000000	0.000000	0.000000	0.000000	0.000000	0.000000	0.000000
scaffold_633	0.000000	0.000000	0.000000	0.000000	0.000000	0.000000	0.000000
scaffold_634	0.000000	0.000000	0.000000	0.000000	0.000000	0.000000	0.000000
scaffold_635	0.000000	0.000000	0.000000	0.000000	0.000000	0.000000	0.000000
scaffold_636	0.000000	0.000000	0.000000	0.000000	0.000000	0.000000	0.000000
scaffold_637	0.000000	0.000000	0.000000	0.000000	0.000000	0.000000	0.000000
scaffold_638	0.000000	0.000000	0.000000	0.000000	0.000000	0.000000	0.000000
scaffold_639	0.000000	0.000000	0.000000	0.000000	0.000000	0.000000	0.000000
scaffold_640	0.000000	0.000000	0.000000	0.000000	0.000000	0.000000	0.000000
scaffold_641	0.000000	0.000000	0.000000	0.000000	0.000000	0.000000	0.000000
scaffold_642	0.000000	0.000000	0.000000	0.000000	0.000000	0.000000	0.000000
scaffold_643	0.000000	0.000000	0.000000	0.000000	0.000000	0.000000	0.000000
scaffold_644	0.000000	0.000000	0.000000	0.000000	0.000000	0.000000	0.000000
scaffold_645	0.000000	0.000000	0.000000	0.000000	0.000000	0.000000	0.000000
scaffold_646	0.000000	0.000000	0.000000	0.000000	0.000000	0.000000	0.000000
scaffold_647	0.000000	0.000000	0.000000	0.000000	0.000000	0.000000	0.000000
scaffold_648	0.000000	0.000000	0.000000	0.000000	0.000000	0.000000	0.000000
scaffold_649	0.000000	0.000000	0.000000	0.000000	0.000000	0.000000	0.000000
scaffold_650	0.000000	0.000000	0.000000	0.000000	0.000000	0.000000	0.000000
scaffold_651	0.000000	0.000000	0.000000	0.000000	0.000000	0.000000	0.000000
scaffold_652	0.000000	0.000000	0.000000	0.000000	0.000000	0.000000	0.000000
scaffold_653	0.000000	0.000000	0.000000	0.000000	0.000000	0.000000	0.000000
scaffold_654	0.000000	0.000000	0.000000	0.000000	0.000000	0.000000	0.000000
scaffold_655	0.000000	0.000000	0.000000	0.000000	0.000000	0.000000	0.000000
scaffold_656	0.000000	0.000000	0.000000	0.000000	0.000000	0.000000	0.000000
scaffold_657	0.000000	0.000000	0.000000	0.000000	0.000000	0.000000	0.000000
scaffold_658	0.000000	0.000000	0.000000	0.000000	0.000000	0.000000	0.000000
scaffold_659	0.000000	0.000000	0.000000	0.000000	0.000000	0.000000	0.000000
scaffold_660	0.000000	0.000000	0.000000	0.000000	0.000000	0.000000	0.000000
scaffold_661	0.000000	0.000000	0.000000	0.000000	0.000000	0.000000	0.000000
scaffold_662	0.000000	0.000000	0.000000	0.000000	0.000000	0.000000	0.000000
scaffold_663	0.000000	0.000000	0.000000	0.000000	0.000000	0.000000	0.000000
scaffold_664	0.000000	0.000000	0.000000	0.000000	0.000000	0.000000	0.000000
scaffold_665	0.000000	0.000000	0.000000	0.000000	0.000000	0.000000	0.000000
scaffold_666	0.000000	0.000000	0.000000	0.000000	0.000000	0.000000	0.000000
scaffold_667	0.000000	0.000000	0.000000	0.000000	0.000000	0.000000	0.000000
scaffold_668	0.000000	0.000000	0.000000	0.000000	0.000000	0.000000	0.000000
scaffold_669	0.000000	0.000000	0.000000	0.000000	0.000000	0.000000	0.000000
scaffold_670	0.000000	0.000000	0.000000	0.000000	0.000000	0.000000	0.000000
scaffold_671	0.000000	0.000000	0.000000	0.000000	0.000000	0.000000	0.000000
scaffold_672	0.000000	0.000000	0.000000	0.000000	0.000000	0.000000	0.000000
scaffold_673	0.000000	0.000000	0.000000	0.000000	0.000000	0.000000	0.000000
scaffold_674	0.000000	0.000000	0.000000	0.000000	0.000000	0.000000	0.000000
scaffold_675	0.000000	0.000000	0.000000	0.000000	0.000000	0.000000	0.000000
scaffold_676	0.000000	0.000000	0.000000	0.000000	0.000000	0.000000	0.000000
scaffold_677	0.000000	0.000000	0.000000	0.000000	0.000000	0.000000	0.000000
scaffold_678	0.000000	0.000000	0.000000	0.000000	0.000000	0.000000	0.000000
scaffold_679	0.000000	0.000000	0.000000	0.000000	0.000000	0.000000	0.000000
scaffold_680	0.000000	0.000000	0.000000	0.000000	0.000000	0.000000	0.000000
scaffold_681	0.000000	0.000000	0.000000	0.000000	0.000000	0.000000	0.000000
scaffold_682	0.000000	0.000000	0.000000	0.000000	0.000000	0.000000	0.000000
scaffold_683	0.000000	0.000000	0.000000	0.000000	0.000000	0.000000	0.000000
scaffold_684	0.000000	0.000000	0.000000	0.000000	0.000000	0.000000	0.000000
scaffold_685	0.000000	0.000000	0.000000	0.000000	0.000000	0.000000	0.000000
scaffold_686	0.000000	0.000000	0.000000	0.000000	0.000000	0.000000	0.000000
scaffold_687	0.000000	0.000000	0.000000	0.000000	0.000000	0.000000	0.000000
scaffold_688	0.000000	0.000000	0.000000	0.000000	0.000000	0.000000	0.000000
scaffold_689	0.000000	0.000000	0.000000	0.000000	0.000000	0.000000	0.000000
scaffold_690	0.000000	0.000000	0.000000	0.000000	0.000000	0.000000	0.000000
scaffold_691	0.000000	0.000000	0.000000	0.000000	0.000000	0.000000	0.000000
scaffold_692	0.000000	0.000000	0.000000	0.000000	0.000000	0.000000	0.000000
scaffold_693	0.000000	0.000000	0.000000	0.000000	0.000000	0.000000	0.000000
scaffold_694	0.000000	0.000000	0.000000	0.000000	0.000000	0.000000	0.000000
scaffold_695	0.000000	0.000000	0.000000	0.000000	0.000000	0.000000	0.000000
scaffold_696	0.000000	0.000000	0.000000	0.000000	0.000000	0.000000	0.000000
scaffold_697	0.000000	0.000000	0.000000	0.000000	0.000000	0.000000	0.000000
scaffold_698	0.000000	0.000000	0.000000	0.000000	0.000000	0.000000	0.000000
scaffold_699	0.000000	0.000000	0.000000	0.000000	0.000000	0.000000	0.000000
scaffold_700	0.000000	0.000000	0.000000	0.000000	0.000000	0.000000	0.000000
scaffold_701	0.000000	0.000000	0.000000	0.000000	0.000000	0.000000	0.000000
scaffold_702	0.000000	0.000000	0.000000	0.000000	0.000000	0.000000	0.000000
scaffold_703	0.000000	0.000000	0.000000	0.000000	0.000000	0.000000	0.000000
scaffold_704	0.000000	0.000000	0.000000	0.000000	0.000000	0.000000	0.000000
scaffold_705	0.000000	0.000000	0.000000	0.000000	0.000000	0.000000	0.000000
scaffold_706	0.000000	0.000000	0.000000	0.000000	0.000000	0.000000	0.000000
scaffold_707	0.000000	0.000000	0.000000	0.000000	0.000000	0.000000	0.000000
scaffold_708	0.000000	0.000000	0.000000	0.000000	0.000000	0.000000	0.000000
scaffold_709	0.000000	0.000000	0.000000	0.000000	0.000000	0.000000	0.000000
scaffold_710	0.000000	0.000000	0.000000	0.000000	0.000000	0.000000	0.000000
scaffold_711	0.000000	0.000000	0.000000	0.000000	0.000000	0.000000	0.000000
scaffold_712	0.000000	0.000000	0.000000	0.000000	0.000000	0.000000	0.000000
scaffold_713	0.000000	0.000000	0.000000	0.000000	0.000000	0.000000	0.000000
scaffold_714	0.000000	0.000000	0.000000	0.000000	0.000000	0.000000	0.000000
scaffold_715	0.000000	0.000000	0.000000	0.000000	0.000000	0.000000	0.000000
scaffold_716	0.000000	0.000000	0.000000	0.000000	0.000000	0.000000	0.000000
scaffold_717	0.000000	0.000000	0.000000	0.000000	0.000000	0.000000	0.000000
scaffold_718	0.000000	0.000000	0.000000	0.000000	0.000000	0.000000	0.000000
scaffold_719	0.000000	0.000000	0.000000	0.000000	0.000000	0.000000	0.000000
scaffold_720	0.000000	0.000000	0.000000	0.000000	0.000000	0.000000	0.000000
scaffold_721	0.000000	0.000000	0.000000	0.000000	0.000000	0.000000	0.000000
scaffold_722	0.000000	0.000000	0.000000	0.000000	0.000000	0.000000	0.000000
scaffold_723	0.000000	0.000000	0.000000	0.000000	0.000000	0.000000	0.000000
scaffold_724	0.000000	0.000000	0.000000	0.000000	0.000000	0.000000	0.000000
scaffold_725	0.000000	0.000000	0.000000	0.000000	0.000000	0.000000	0.000000
scaffold_726	0.000000	0.000000	0.000000	0.000000	0.000000	0.000000	0.000000
scaffold_727	0.000000	0.000000	0.000000	0.000000	0.000000	0.000000	0.000000
scaffold_728	0.000000	0.000000	0.000000	0.000000	0.000000	0.000000	0.000000
scaffold_729	0.000000	0.000000	0.000000	0.000000	0.000000	0.000000	0.000000
scaffold_730	0.000000	0.000000	0.000000	0.000000	0.000000	0.000000	0.000000
scaffold_731	0.000000	0.000000	0.000000	0.000000	0.000000	0.000000	0.000000
scaffold_732	0.000000	0.000000	0.000000	0.000000	0.000000	0.000000	0.000000
scaffold_733	0.000000	0.000000	0.000000	0.000000	0.000000	0.000000	0.000000
scaffold_734	0.000000	0.000000	0.000000	0.000000	0.000000	0.000000	0.000000
scaffold_735	0.000000	0.000000	0.000000	0.000000	0.000000	0.000000	0.000000
scaffold_736	0.000000	0.000000	0.000000	0.000000	0.000000	0.000000	0.000000
scaffold_737	0.000000	0.000000	0.000000	0.000000	0.000000	0.000000	0.000000
scaffold_738	0.000000	0.000000	0.000000	0.000000	0.000000	0.000000	0.000000
scaffold_739	0.000000	0.000000	0.000000	0.000000	0.000000	0.000000	0.000000
scaffold_740	0.000000	0.000000	0.000000	0.000000	0.000000	0.000000	0.000000
scaffold_741	0.000000	0.000000	0.000000	0.000000	0.000000	0.000000	0.000000
scaffold_742	0.000000	0.000000	0.000000	0.000000	0.000000	0.000000	0.000000
scaffold_743	0.000000	0.000000	0.000000	0.000000	0.000000	0.000000	0.000000
scaffold_744	0.000000	0.000000	0.000000	0.000000	0.000000	0.000000	0.000000
scaffold_745	0.000000	0.000000	0.000000	0.000000	0.000000	0.000000	0.000000
scaffold_746	0.000000	0.000000	0.000000	0.000000	0.000000	0.000000	0.000000
scaffold_747	0.000000	0.000000	0.000000	0.000000	0.000000	0.000000	0.000000
scaffold_748	0.000000	0.000000	0.000000	0.000000	0.000000	0.000000	0.000000
scaffold_749	0.000000	0.000000	0.000000	0.000000	0.000000	0.000000	0.000000
scaffold_750	0.000000	0.000000	0.000000	0.000000	0.000000	0.000000	0.000000
scaffold_751	0.000000	0.000000	0.000000	0.000000	0.000000	0.000000	0.000000
scaffold_752	0.000000	0.000000	0.000000	0.000000	0.000000	0.000000	0.000000
scaffold_753	0.000000	0.000000	0.000000	0.000000	0.000000	0.000000	0.000000
scaffold_754	0.000000	0.000000	0.000000	0.000000	0.000000	0.000000	0.000000
scaffold_755	0.000000	0.000000	0.000000	0.000000	0.000000	0.000000	0.000000
scaffold_756	0.000000	0.000000	0.000000	0.000000	0.000000	0.000000	0.000000
scaffold_757	0.000000	0.000000	0.000000	0.000000	0.000000	0.000000	0.000000
scaffold_758	0.000000	0.000000	0.000000	0.000000	0.000000	0.000000	0.000000
scaffold_759	0.000000	0.000000	0.000000	0.000000	0.000000	0.000000	0.000000
scaffold_760	0.000000	0.000000	0.000000	0.000000	0.000000	0.000000	0.000000
scaffold_761	0.000000	0.000000	0.000000	0.000000	0.000000	0.000000	0.000000
scaffold_762	0.000000	0.000000	0.000000	0.000000	0.000000	0.000000	0.000000
scaffold_763	0.000000	0.000000	0.000000	0.000000	0.000000	0.000000	0.000000
scaffold_764	0.000000	0.000000	0.000000	0.000000	0.000000	0.000000	0.000000
scaffold_765	0.000000	0.000000	0.000000	0.000000	0.000000	0.000000	0.000000
scaffold_766	0.000000	0.000000	0.000000	0.000000	0.000000	0.000000	0.000000
scaffold_767	0.000000	0.000000	0.000000	0.000000	0.000000	0.000000	0.000000
scaffold_768	0.000000	0.000000	0.000000	0.000000	0.000000	0.000000	0.000000
scaffold_769	0.000000	0.000000	0.000000	0.000000	0.000000	0.000000	0.000000
scaffold_770	0.000000	0.000000	0.000000	0.000000	0.000000	0.000000	0.000000
scaffold_771	0.000000	0.000000	0.000000	0.000000	0.000000	0.000000	0.000000
scaffold_772	0.000000	0.000000	0.000000	0.000000	0.000000	0.000000	0.000000
scaffold_773	0.000000	0.000000	0.000000	0.000000	0.000000	0.000000	0.000000
scaffold_774	0.000000	0.000000	0.000000	0.000000	0.000000	0.000000	0.000000
scaffold_775	0.000000	0.000000	0.000000	0.000000	0.000000	0.000000	0.000000
scaffold_776	0.000000	0.000000	0.000000	0.000000	0.000000	0.000000	0.000000
scaffold_777	0.000000	0.000000	0.000000	0.000000	0.000000	0.000000	0.000000
scaffold_778	0.000000	0.000000	0.000000	0.000000	0.000000	0.000000	0.000000
scaffold_779	0.000000	0.000000	0.000000	0.000000	0.000000	0.000000	0.000000
scaffold_780	0.000000	0.000000	0.000000	0.000000	0.000000	0.000000	0.000000
scaffold_781	0.000000	0.000000	0.000000	0.000000	0.000000	0.000000	0.000000
scaffold_782	0.000000	0.000000	0.000000	0.000000	0.000000	0.000000	0.000000
scaffold_783	0.000000	0.000000	0.000000	0.000000	0.000000	0.000000	0.000000
scaffold_784	0.000000	0.000000	0.000000	0.000000	0.000000	0.000000	0.000000
scaffold_785	0.000000	0.000000	0.000000	0.000000	0.000000	0.000000	0.000000
scaffold_786	0.000000	0.000000	0.000000	0.000000	0.000000	0.000000	0.000000
scaffold_787	0.000000	0.000000	0.000000	0.000000	0.000000	0.000000	0.000000
scaffold_788	0.000000	0.000000	0.000000	0.000000	0.000000	0.000000	0.000000
scaffold_789	0.000000	0.000000	0.000000	0.000000	0.000000	0.000000	0.000000
scaffold_790	0.000000	0.000000	0.000000	0.000000	0.000000	0.000000	0.000000
scaffold_791	0.000000	0.000000	0.000000	0.000000	0.000000	0.000000	0.000000
scaffold_792	0.000000	0.000000	0.000000	0.000000	0.000000	0.000000	0.000000
scaffold_793	0.000000	0.000000	0.000000	0.000000	0.000000	0.000000	0.000000
scaffold_794	0.000000	0.000000	0.000000	0.000000	0.000000	0.000000	0.000000
scaffold_795	0.000000	0.000000	0.000000	0.000000	0.000000	0.000000	0.000000
scaffold_796	0.000000	0.000000	0.000000	0.000000	0.000000	0.000000	0.000000
scaffold_797	0.000000	0.000000	0.000000	0.000000	0.000000	0.000000	0.000000
scaffold_798	0.000000	0.000000	0.000000	0.000000	0.000000	0.000000	0.000000
scaffold_799	0.000000	0.000000	0.000000	0.000000	0.000000	0.000000	0.000000
scaffold_800	0.000000	0.000000	0.000000	0.000000	0.000000	0.000000	0.000000
scaffold_801	0.000000	0.000000	0.000000	0.000000	0.000000	0.000000	0.000000
scaffold_802	0.000000	0.000000	0.000000	0.000000	0.000000	0.000000	0.000000
scaffold_803	0.000000	0.000000	0.000000	0.000000	0.000000	0.000000	0.000000
scaffold_804	0.000000	0.000000	0.000000	0.000000	0.000000	0.000000	0.000000
scaffold_805	0.000000	0.000000	0.000000	0.000000	0.000000	0.000000	0.000000
scaffold_806	0.000000	0.000000	0.000000	0.000000	0.000000	0.000000	0.000000
scaffold_807	0.000000	0.000000	0.000000	0.000000	0.000000	0.000000	0.000000
scaffold_808	0.000000	0.000000	0.000000	0.000000	0.000000	0.000000	0.000000
scaffold_809	0.000000	0.000000	0.000000	0.000000	0.000000	0.000000	0.000000
scaffold_810	0.000000	0.000000	0.000000	0.000000	0.000000	0.000000	0.000000
scaffold_811	0.000000	0.000000	0.000000	0.000000	0.000000	0.000000	0.000000
scaffold_812	0.000000	0.000000	0.000000	0.000000	0.000000	0.000000	0.000000
scaffold_813	0.000000	0.000000	0.000000	0.000000	0.000000	0.000000	0.000000
scaffold_814	0.000000	0.000000	0.000000	0.000000	0.000000	0.000000	0.000000
scaffold_815	0.000000	0.000000	0.000000	0.000000	0.000000	0.000000	0.000000
scaffold_816	0.000000	0.000000	0.000000	0.000000	0.000000	0.000000	0.000000
scaffold_817	0.000000	0.000000	0.000000	0.000000	0.000000	0.000000	0.000000
scaffold_818	0.000000	0.000000	0.000000	0.000000	0.000000	0.000000	0.000000
scaffold_819	0.000000	0.000000	0.000000	0.000000	0.000000	0.000000	0.000000
scaffold_820	0.000000	0.000000	0.000000	0.000000	0.000000	0.000000	0.000000
scaffold_821	0.000000	0.000000	0.000000	0.000000	0.000000	0.000000	0.000000
scaffold_822	0.000000	0.000000	0.000000	0.000000	0.000000	0.000000	0.000000
scaffold_823	0.000000	0.000000	0.000000	0.000000	0.000000	0.000000	0.000000
scaffold_824	0.000000	0.000000	0.000000	0.000000	0.000000	0.000000	0.000000
scaffold_825	0.000000	0.000000	0.000000	0.000000	0.000000	0.000000	0.000000
scaffold_826	0.000000	0.000000	0.000000	0.000000	0.000000	0.000000	0.000000
scaffold_827	0.000000	0.000000	0.000000	0.000000	0.000000	0.000000	0.000000
scaffold_828	0.000000	0.000000	0.000000	0.000000	0.000000	0.000000	0.000000
scaffold_829	0.000000	0.000000	0.000000	0.000000	0.000000	0.000000	0.000000
scaffold_830	0.000000	0.000000	0.000000	0.000000	0.000000	0.000000	0.000000
scaffold_831	0.000000	0.000000	0.000000	0.000000	0.000000	0.000000	0.000000
scaffold_832	0.000000	0.000000	0.000000	0.000000	0.000000	0.000000	0.000000
scaffold_833	0.000000	0.000000	0.000000	0.000000	0.000000	0.000000	0.000000
scaffold_834	0.000000	0.000000	0.000000	0.000000	0.000000	0.000000	0.000000
scaffold_835	0.000000	0.000000	0.000000	0.000000	0.000000	0.000000	0.000000
scaffold_836	0.000000	0.000000	0.000000	0.000000	0.000000	0.000000	0.000000
scaffold_837	0.000000	0.000000	0.000000	0.000000	0.000000	0.000000	0.000000
scaffold_838	0.000000	0.000000	0.000000	0.000000	0.000000	0.000000	0.000000
scaffold_839	0.000000	0.000000	0.000000	0.000000	0.000000	0.000000	0.000000
scaffold_840	0.000000	0.000000	0.000000	0.000000	0.000000	0.000000	0.000000
scaffold_841	0.000000	0.000000	0.000000	0.000000	0.000000	0.000000	0.000000
scaffold_842	0.000000	0.000000	0.000000	0.000000	0.000000	0.000000	0.000000
scaffold_843	0.000000	0.000000	0.000000	0.000000	0.000000	0.000000	0.000000
scaffold_844	0.000000	0.000000	0.000000	0.000000	0.000000	0.000000	0.000000
scaffold_845	0.000000	0.000000	0.000000	0.000000	0.000000	0.000000	0.000000
scaffold_846	0.000000	0.000000	0.000000	0.000000	0.000000	0.000000	0.000000
scaffold_847	0.000000	0.000000	0.000000	0.000000	0.000000	0.000000	0.000000
scaffold_848	0.000000	0.000000	0.000000	0.000000	0.000000	0.000000	0.000000
scaffold_849	0.000000	0.000000	0.000000	0.000000	0.000000	0.000000	0.000000
scaffold_850	0.000000	0.000000	0.000000	0.000000	0.000000	0.000000	0.000000
scaffold_851	0.000000	0.000000	0.000000	0.000000	0.000000	0.000000	0.000000
scaffold_852	0.000000	0.000000	0.000000	0.000000	0.000000	0.000000	0.000000
scaffold_853	0.000000	0.000000	0.000000	0.000000	0.000000	0.000000	0.000000
scaffold_854	0.000000	0.000000	0.000000	0.000000	0.000000	0.000000	0.000000
scaffold_855	0.000000	0.000000	0.000000	0.000000	0.000000	0.000000	0.000000
scaffold_856	0.000000	0.000000	0.000000	0.000000	0.000000	0.000000	0.000000
scaffold_857	0.000000	0.000000	0.000000	0.000000	0.000000	0.000000	0.000000
scaffold_858	0.000000	0.000000	0.000000	0.000000	0.000000	0.000000	0.000000
scaffold_859	0.000000	0.000000	0.000000	0.000000	0.000000	0.000000	0.000000
scaffold_860	0.000000	0.000000	0.000000	0.000000	0.000000	0.000000	0.000000
scaffold_861	0.000000	0.000000	0.000000	0.000000	0.000000	0.000000	0.000000
scaffold_862	0.000000	0.000000	0.000000	0.000000	0.000000	0.000000	0.000000
scaffold_863	0.000000	0.000000	0.000000	0.000000	0.000000	0.000000	0.000000
scaffold_864	0.000000	0.000000	0.000000	0.000000	0.000000	0.000000	0.000000
scaffold_865	0.000000	0.000000	0.000000	0.000000	0.000000	0.000000	0.000000
scaffold_866	0.000000	0.000000	0.000000	0.000000	0.000000	0.000000	0.000000
scaffold_867	0.000000	0.000000	0.000000	0.000000	0.000000	0.000000	0.000000
scaffold_868	0.000000	0.000000	0.000000	0.000000	0.000000	0.000000	0.000000
scaffold_869	0.000000	0.000000	0.000000	0.000000	0.000000	0.000000	0.000000
scaffold_870	0.000000	0.000000	0.000000	0.000000	0.000000	0.000000	0.000000
scaffold_871	0.000000	0.000000	0.000000	0.000000	0.000000	0.000000	0.000000
scaffold_872	0.000000	0.000000	0.000000	0.000000	0.000000	0.000000	0.000000
scaffold_873	0.000000	0.000000	0.000000	0.000000	0.000000	0.000000	0.000000
scaffold_874	0.000000	0.000000	0.000000	0.000000	0.000000	0.000000	0.000000
scaffold_875	0.000000	0.000000	0.000000	0.000000	0.000000	0.000000	0.000000
scaffold_876	0.000000	0.000000	0.000000	0.000000	0.000000	0.000000	0.000000
scaffold_877	0.000000	0.000000	0.000000	0.000000	0.000000	0.000000	0.000000
scaffold_878	0.000000	0.000000	0.000000	0.000000	0.000000	0.000000	0.000000
scaffold_879	0.000000	0.000000	0.000000	0.000000	0.000000	0.000000	0.000000
scaffold_880	0.000000	0.000000	0.000000	0.000000	0.000000	0.000000	0.000000
scaffold_881	0.000000	0.000000	0.000000	0.000000	0.000000	0.000000	0.000000
scaffold_882	0.000000	0.000000	0.000000	0.000000	0.000000	0.000000	0.000000
scaffold_883	0.000000	0.000000	0.000000	0.000000	0.000000	0.000000	0.000000
scaffold_884	0.000000	0.000000	0.000000	0.000000	0.000000	0.000000	0.000000
scaffold_885	0.000000	0.000000	0.000000	0.000000	0.000000	0.000000	0.000000
scaffold_886	0.000000	0.000000	0.000000	0.000000	0.000000	0.000000	0.000000
scaffold_887	0.000000	0.000000	0.000000	0.000000	0.000000	0.000000	0.000000
scaffold_888	0.000000	0.000000	0.000000	0.000000	0.000000	0.000000	0.000000
scaffold_889	0.000000	0.000000	0.000000	0.000000	0.000000	0.000000	0.000000
scaffold_890	0.000000	0.000000	0.000000	0.000000	0.000000	0.000000	0.000000
scaffold_891	0.000000	0.000000	0.000000	0.000000	0.000000	0.000000	0.000000
scaffold_892	0.000000	0.000000	0.000000	0.000000	0.000000	0.000000	0.000000
scaffold_893	0.000000	0.000000	0.000000	0.000000	0.000000	0.000000	0.000000
scaffold_894	0.000000	0.000000	0.000000	0.000000	0.000000	0.000000	0.000000
scaffold_895	0.000000	0.000000	0.000000	0.000000	0.000000	0.000000	0.000000
scaffold_896	0.000000	0.000000	0.000000	0.000000	0.000000	0.000000	0.000000
scaffold_897	0.000000	0.000000	0.000000	0.000000	0.000000	0.000000	0.000000
scaffold_898	0.000000	0.000000	0.000000	0.000000	0.000000	0.000000	0.000000
scaffold_899	0.000000	0.000000	0.000000	0.000000	0.000000	0.000000	0.000000
scaffold_900	0.000000	0.000000	0.000000	0.000000	0.000000	0.000000	0.000000
scaffold_901	0.000000	0.000000	0.000000	0.000000	0.000000	0.000000	0.000000
scaffold_902	0.000000	0.000000	0.000000	0.000000	0.000000	0.000000	0.000000
scaffold_903	0.000000	0.000000	0.000000	0.000000	0.000000	0.000000	0.000000
scaffold_904	0.000000	0.000000	0.000000	0.000000	0.000000	0.000000	0.000000
scaffold_905	0.000000	0.000000	0.000000	0.000000	0.000000	0.000000	0.000000
scaffold_906	0.000000	0.000000	0.000000	0.000000	0.000000	0.000000	0.000000
scaffold_907	0.000000	0.000000	0.000000	0.000000	0.000000	0.000000	0.000000
scaffold_908	0.000000	0.000000	0.000000	0.000000	0.000000	0.000000	0.000000
scaffold_909	0.000000	0.000000	0.000000	0.000000	0.000000	0.000000	0.000000
scaffold_910	0.000000	0.000000	0.000000	0.000000	0.000000	0.000000	0.000000
scaffold_911	0.000000	0.000000	0.000000	0.000000	0.000000	0.000000	0.000000
scaffold_912	0.000000	0.000000	0.000000	0.000000	0.000000	0.000000	0.000000
scaffold_913	0.000000	0.000000	0.000000	0.000000	0.000000	0.000000	0.000000
scaffold_914	0.000000	0.000000	0.000000	0.000000	0.000000	0.000000	0.000000
scaffold_915	0.000000	0.000000	0.000000	0.000000	0.000000	0.000000	0.000000
scaffold_916	0.000000	0.000000	0.000000	0.000000	0.000000	0.000000	0.000000
scaffold_917	0.000000	0.000000	0.000000	0.000000	0.000000	0.000000	0.000000
scaffold_918	0.000000	0.000000	0.000000	0.000000	0.000000	0.000000	0.000000
scaffold_919	0.000000	0.000000	0.000000	0.000000	0.000000	0.000000	0.000000
scaffold_920	0.000000	0.000000	0.000000	0.000000	0.000000	0.000000	0.000000
scaffold_921	0.000000	0.000000	0.000000	0.000000	0.000000	0.000000	0.000000
scaffold_922	0.000000	0.000000	0.000000	0.000000	0.000000	0.000000	0.000000
scaffold_923	0.000000	0.000000	0.000000	0.000000	0.000000	0.000000	0.000000
scaffold_924	0.000000	0.000000	0.000000	0.000000	0.000000	0.000000	0.000000
scaffold_925	0.000000	0.000000	0.000000	0.000000	0.000000	0.000000	0.000000
scaffold_926	0.000000	0.000000	0.000000	0.000000	0.000000	0.000000	0.000000
scaffold_927	0.000000	0.000000	0.000000	0.000000	0.000000	0.000000	0.000000
scaffold_928	0.000000	0.000000	0.000000	0.000000	0.000000	0.000000	0.000000
scaffold_929	0.000000	0.000000	0.000000	0.000000	0.000000	0.000000	0.000000
scaffold_930	0.000000	0.000000	0.000000	0.000000	0.000000	0.000000	0.000000
scaffold_931	0.000000	0.000000	0.000000	0.000000	0.000000	0.000000	0.000000
scaffold_932	0.000000	0.000000	0.000000	0.000000	0.000000	0.000000	0.000000
scaffold_933	0.000000	0.000000	0.000000	0.000000	0.000000	0.000000	0.000000
scaffold_934	0.000000	0.000000	0.000000	0.000000	0.000000	0.000000	0.000000
scaffold_935	0.000000	0.000000	0.000000	0.000000	0.000000	0.000000	0.000000
scaffold_936	0.000000	0.000000	0.000000	0.000000	0.000000	0.000000	0.000000
scaffold_937	0.000000	0.000000	0.000000	0.000000	0.000000	0.000000	0.000000
scaffold_938	0.000000	0.000000	0.000000	0.000000	0.000000	0.000000	0.000000
scaffold_939	0.000000	0.000000	0.000000	0.000000	0.000000	0.000000	0.000000
scaffold_940	0.000000	0.000000	0.000000	0.000000	0.000000	0.000000	0.000000
scaffold_941	0.000000	0.000000	0.000000	0.000000	0.000000	0.000000	0.000000
scaffold_942	0.000000	0.000000	0.000000	0.000000	0.000000	0.000000	0.000000
scaffold_943	0.000000	0.000000	0.000000	0.000000	0.000000	0.000000	0.000000
scaffold_944	0.000000	0.000000	0.000000	0.000000	0.000000	0.000000	0.000000
scaffold_945	0.000000	0.000000	0.000000	0.000000	0.000000	0.000000	0.000000
scaffold_946	0.000000	0.000000	0.000000	0.000000	0.000000	0.000000	0.000000
scaffold_947	0.000000	0.000000	0.000000	0.000000	0.000000	0.000000	0.000000
scaffold_948	0.000000	0.000000	0.000000	0.000000	0.000000	0.000000	0.000000
scaffold_949	0.000000	0.000000	0.000000	0.000000	0.000000	0.000000	0.000000
scaffold_950	0.000000	0.000000	0.000000	0.000000	0.000000	0.000000	0.000000
scaffold_951	0.000000	0.000000	0.000000	0.000000	0.000000	0.000000	0.000000
scaffold_952	0.000000	0.000000	0.000000	0.000000	0.000000	0.000000	0.000000
scaffold_953	0.000000	0.000000	0.000000	0.000000	0.000000	0.000000	0.000000
scaffold_954	0.000000	0.000000	0.000000	0.000000	0.000000	0.000000	0.000000
scaffold_955	0.000000	0.000000	0.000000	0.000000	0.000000	0.000000	0.000000
scaffold_956	0.000000	0.000000	0.000000	0.000000	0.000000	0.000000	0.000000
scaffold_957	0.000000	0.000000	0.000000	0.000000	0.000000	0.000000	0.000000
scaffold_958	0.000000	0.000000	0.000000	0.000000	0.000000	0.000000	0.000000
scaffold_959	0.000000	0.000000	0.000000	0.000000	0.000000	0.000000	0.000000
scaffold_960	0.000000	0.000000	0.000000	0.000000	0.000000	0.000000	0.000000
scaffold_961	0.000000	0.000000	0.000000	0.000000	0.000000	0.000000	0.000000
scaffold_962	0.000000	0.000000	0.000000	0.000000	0.000000	0.000000	0.000000
scaffold_963	0.000000	0.000000	0.000000	0.000000	0.000000	0.000000	0.000000
scaffold_964	0.000000	0.000000	0.000000	0.000000	0.000000	0.000000	0.000000
scaffold_965	0.000000	0.000000	0.000000	0.000000	0.000000	0.000000	0.000000
scaffold_966	0.000000	0.000000	0.000000	0.000000	0.000000	0.000000	0.000000
scaffold_967	0.000000	0.000000	0.000000	0.000000	0.000000	0.000000	0.000000
scaffold_968	0.000000	0.000000	0.000000	0.000000	0.000000	0.000000	0.000000
scaffold_969	0.000000	0.000000	0.000000	0.000000	0.000000	0.000000	0.000000
scaffold_970	0.000000	0.000000	0.000000	0.000000	0.000000	0.000000	0.000000
scaffold_971	0.000000	0.000000	0.000000	0.000000	0.000000	0.000000	0.000000
scaffold_972	0.000000	0.000000	0.000000	0.000000	0.000000	0.000000	0.000000
scaffold_973	0.000000	0.000000	0.000000	0.000000	0.000000	0.000000	0.000000
scaffold_974	0.000000	0.000000	0.000000	0.000000	0.000000	0.000000	0.000000
scaffold_975	0.000000	0.000000	0.000000	0.000000	0.000000	0.000000	0.000000
scaffold_976	0.000000	0.000000	0.000000	0.000000	0.000000	0.000000	0.000000
scaffold_977	0.000000	0.000000	0.000000	0.000000	0.000000	0.000000	0.000000
scaffold_978	0.000000	0.000000	0.000000	0.000000	0.000000	0.000000	0.000000
scaffold_979	0.000000	0.000000	0.000000	0.000000	0.000000	0.000000	0.000000
scaffold_980	0.000000	0.000000	0.000000	0.000000	0.000000	0.000000	0.000000
scaffold_981	0.000000	0.000000	0.000000	0.000000	0.000000	0.000000	0.000000
scaffold_982	0.000000	0.000000	0.000000	0.000000	0.000000	0.000000	0.000000
scaffold_983	0.000000	0.000000	0.000000	0.000000	0.000000	0.000000	0.000000
scaffold_984	0.000000	0.000000	0.000000	0.000000	0.000000	0.000000	0.000000
scaffold_985	0.000000	0.000000	0.000000	0.000000	0.000000	0.000000	0.000000
scaffold_986	0.000000	0.000000	0.000000	0.000000	0.000000	0.000000	0.000000
scaffold_987	0.000000	0.000000	0.000000	0.000000	0.000000	0.000000	0.000000
scaffold_988	0.000000	0.000000	0.000000	0.000000	0.000000	0.000000	0.000000
scaffold_989	0.000000	0.000000	0.000000	0.000000	0.000000	0.000000	0.000000
scaffold_990	0.000000	0.000000	0.000000	0.000000	0.000000	0.000000	0.000000
scaffold_991	0.000000	0.000000	0.000000	0.000000	0.000000	0.000000	0.000000
scaffold_992	0.000000	0.000000	0.000000	0.000000	0.000000	0.000000	0.000000
scaffold_993	0.000000	0.000000	0.000000	0.000000	0.000000	0.000000	0.000000
scaffold_994	0.000000	0.000000	0.000000	0.000000	0.000000	0.000000	0.000000
scaffold_995	0.000000	0.000000	0.000000	0.000000	0.000000	0.000000	0.000000
scaffold_996	0.000000	0.000000	0.000000	0.000000	0.000000	0.000000	0.000000
scaffold_997	0.000000	0.000000	0.000000	0.000000	0.000000	0.000000	0.000000
scaffold_998	0.000000	0.000000	0.000000	0.000000	0.000000	0.000000	0.000000
scaffold_999	0.000000	0.000000	0.000000	0.000000	0.000000	0.000000	0.000000
scaffold_1000	0.000000	0.000000	0.000000	0.000000	0.000000	0.000000	0.000000
scaffold_1001	0.000000	0.000000	0.000000	0.000000	0.000000	0.000000	0.000000
scaffold_1002	0.000000	0.000000	0.000000	0.000000	0.000000	0.000000	0.000000
scaffold_1003	0.000000	0.000000	0.000000	0.000000	0.000000	0.000000	0.000000
scaffold_1004	0.000000	0.000000	0.000000	0.000000	0.000000	0.000000	0.000000
scaffold_1005	0.000000	0.000000	0.000000	0.000000	0.000000	0.000000	0.000000
scaffold_1006	0.000000	0.000000	0.000000	0.000000	0.000000	0.000000	0.000000
scaffold_1007	0.000000	0.000000	0.000000	0.000000	0.000000	0.000000	0.000000
scaffold_1008	0.000000	0.000000	0.000000	0.000000	0.000000	0.000000	0.000000
scaffold_1009	0.000000	0.000000	0.000000	0.000000	0.000000	0.000000	0.000000
scaffold_1010	0.000000	0.000000	0.000000	0.000000	0.000000	0.000000	0.000000
scaffold_1011	0.000000	0.000000	0.000000	0.000000	0.000000	0.000000	0.000000
scaffold_1012	0.000000	0.000000	0.000000	0.000000	0.000000	0.000000	0.000000
scaffold_1013	0.000000	0.000000	0.000000	0.000000	0.000000	0.000000	0.000000
scaffold_1014	0.000000	0.000000	0.000000	0.000000	0.000000	0.000000	0.000000
scaffold_1015	0.000000	0.000000	0.000000	0.000000	0.000000	0.000000	0.000000
scaffold_1016	0.000000	0.000000	0.000000	0.000000	0.000000	0.000000	0.000000
scaffold_1017	0.000000	0.000000	0.000000	0.000000	0.000000	0.000000	0.000000
scaffold_1018	0.000000	0.000000	0.000000	0.000000	0.000000	0.000000	0.000000
scaffold_1019	0.000000	0.000000	0.000000	0.000000	0.000000	0.000000	0.000000
scaffold_1020	0.000000	0.000000	0.000000	0.000000	0.000000	0.000000	0.000000
scaffold_1021	0.000000	0.000000	0.000000	0.000000	0.000000	0.000000	0.000000
scaffold_1022	0.000000	0.000000	0.000000	0.000000	0.000000	0.000000	0.000000
scaffold_1023	0.000000	0.000000	0.000000	0.000000	0.000000	0.000000	0.000000
scaffold_1024	0.000000	0.000000	0.000000	0.000000	0.000000	0.000000	0.000000
scaffold_1025	0.000000	0.000000	0.000000	0.000000	0.000000	0.000000	0.000000
scaffold_1026	0.000000	0.000000	0.000000	0.000000	0.000000	0.000000	0.000000
scaffold_1027	0.000000	0.000000	0.000000	0.000000	0.000000	0.000000	0.000000
scaffold_1028	0.000000	0.000000	0.000000	0.000000	0.000000	0.000000	0.000000
scaffold_1029	0.000000	0.000000	0.000000	0.000000	0.000000	0.000000	0.000000
scaffold_1030	0.000000	0.000000	0.000000	0.000000	0.000000	0.000000	0.000000
scaffold_1031	0.000000	0.000000	0.000000	0.000000	0.000000	0.000000	0.000000
scaffold_1032	0.000000	0.000000	0.000000	0.000000	0.000000	0.000000	0.000000
scaffold_1033	0.000000	0.000000	0.000000	0.000000	0.000000	0.000000	0.000000
scaffold_1034	0.000000	0.000000	0.000000	0.000000	0.000000	0.000000	0.000000
scaffold_1035	0.000000	0.000000	0.000000	0.000000	0.000000	0.000000	0.000000
scaffold_1036	0.000000	0.000000	0.000000	0.000000	0.000000	0.000000	0.000000
scaffold_1037	0.000000	0.000000	0.000000	0.000000	0.000000	0.000000	0.000000
scaffold_1038	0.000000	0.000000	0.000000	0.000000	0.000000	0.000000	0.000000
scaffold_1039	0.000000	0.000000	0.000000	0.000000	0.000000	0.000000	0.000000
scaffold_1040	0.000000	0.000000	0.000000	0.000000	0.000000	0.000000	0.000000
scaffold_1041	0.000000	0.000000	0.000000	0.000000	0.000000	0.000000	0.000000
scaffold_1042	0.000000	0.000000	0.000000	0.000000	0.000000	0.000000	0.000000
scaffold_1043	0.000000	0.000000	0.000000	0.000000	0.000000	0.000000	0.000000
scaffold_1044	0.000000	0.000000	0.000000	0.000000	0.000000	0.000000	0.000000
scaffold_1045	0.000000	0.000000	0.000000	0.000000	0.000000	0.000000	0.000000
scaffold_1046	0.000000	0.000000	0.000000	0.000000	0.000000	0.000000	0.000000
scaffold_1047	0.000000	0.000000	0.000000	0.000000	0.000000	0.000000	0.000000
scaffold_1048	0.000000	0.000000	0.000000	0.000000	0.000000	0.000000	0.000000
scaffold_1049	0.000000	0.000000	0.000000	0.000000	0.000000	0.000000	0.000000
scaffold_1050	0.000000	0.000000	0.000000	0.000000	0.000000	0.000000	0.000000
scaffold_1051	0.000000	0.000000	0.000000	0.000000	0.000000	0.000000	0.000000
scaffold_1052	0.000000	0.000000	0.000000	0.000000	0.000000	0.000000	0.000000
scaffold_1053	0.000000	0.000000	0.000000	0.000000	0.000000	0.000000	0.000000
scaffold_1054	0.000000	0.000000	0.000000	0.000000	0.000000	0.000000	0.000000
scaffold_1055	0.000000	0.000000	0.000000	0.000000	0.000000	0.000000	0.000000
scaffold_1056	0.000000	0.000000	0.000000	0.000000	0.000000	0.000000	0.000000
scaffold_1057	0.000000	0.000000	0.000000	0.000000	0.000000	0.000000	0.000000
scaffold_1058	0.000000	0.000000	0.000000	0.000000	0.000000	0.000000	0.000000
scaffold_1059	0.000000	0.000000	0.000000	0.000000	0.000000	0.000000	0.000000
scaffold_1060	0.000000	0.000000	0.000000	0.000000	0.000000	0.000000	0.000000
scaffold_1061	0.000000	0.000000	0.000000	0.000000	0.000000	0.000000	0.000000
scaffold_1062	0.000000	0.000000	0.000000	0.000000	0.000000	0.000000	0.000000
scaffold_1063	0.000000	0.000000	0.000000	0.000000	0.000000	0.000000	0.000000
scaffold_1064	0.000000	0.000000	0.000000	0.000000	0.000000	0.000000	0.000000
scaffold_1065	0.000000	0.000000	0.000000	0.000000	0.000000	0.000000	0.000000
scaffold_1066	0.000000	0.000000	0.000000	0.000000	0.000000	0.000000	0.000000
scaffold_1067	0.000000	0.000000	0.000000	0.000000	0.000000	0.000000	0.000000
scaffold_1068	0.000000	0.000000	0.000000	0.000000	0.000000	0.000000	0.000000
scaffold_1069	0.000000	0.000000	0.000000	0.000000	0.000000	0.000000	0.000000
scaffold_1070	0.000000	0.000000	0.000000	0.000000	0.000000	0.000000	0.000000
scaffold_1071	0.000000	0.000000	0.000000	0.000000	0.000000	0.000000	0.000000
scaffold_1072	0.000000	0.000000	0.000000	0.000000	0.000000	0.000000	0.000000
scaffold_1073	0.000000	0.000000	0.000000	0.000000	0.000000	0.000000	0.000000
scaffold_1074	0.000000	0.000000	0.000000	0.000000	0.000000	0.000000	0.000000
scaffold_1075	0.000000	0.000000	0.000000	0.000000	0.000000	0.000000	0.000000
scaffold_1076	0.000000	0.000000	0.000000	0.000000	0.000000	0.000000	0.000000
scaffold_1077	0.000000	0.000000	0.000000	0.000000	0.000000	0.000000	0.000000
scaffold_1078	0.000000	0.000000	0.000000	0.000000	0.000000	0.000000	0.000000
scaffold_1079	0.000000	0.000000	0.000000	0.000000	0.000000	0.000000	0.000000
scaffold_1080	0.000000	0.000000	0.000000	0.000000	0.000000	0.000000	0.000000
scaffold_1081	0.000000	0.000000	0.000000	0.000000	0.000000	0.000000	0.000000
scaffold_1082	0.000000	0.000000	0.000000	0.000000	0.000000	0.000000	0.000000
scaffold_1083	0.000000	0.000000	0.000000	0.000000	0.000000	0.000000	0.000000
scaffold_1084	0.000000	0.000000	0.000000	0.000000	0.000000	0.000000	0.000000
scaffold_1085	0.000000	0.000000	0.000000	0.000000	0.000000	0.000000	0.000000
scaffold_1086	0.000000	0.000000	0.000000	0.000000	0.000000	0.000000	0.000000
scaffold_1087	0.000000	0.000000	0.000000	0.000000	0.000000	0.000000	0.000000
scaffold_1088	0.000000	0.000000	0.000000	0.000000	0.000000	0.000000	0.000000
scaffold_1089	0.000000	0.000000	0.000000	0.000000	0.000000	0.000000	0.000000
scaffold_1090	0.000000	0.000000	0.000000	0.000000	0.000000	0.000000	0.000000
scaffold_1091	0.000000	0.000000	0.000000	0.000000	0.000000	0.000000	0.000000
scaffold_1092	0.000000	0.000000	0.000000	0.000000	0.000000	0.000000	0.000000
scaffold_1093	0.000000	0.000000	0.000000	0.000000	0.000000	0.000000	0.000000
scaffold_1094	0.000000	0.000000	0.000000	0.000000	0.000000	0.000000	0.000000
scaffold_1095	0.000000	0.000000	0.000000	0.000000	0.000000	0.000000	0.000000
scaffold_1096	0.000000	0.000000	0.000000	0.000000	0.000000	0.000000	0.000000
scaffold_1097	0.000000	0.000000	0.000000	0.000000	0.000000	0.000000	0.000000
scaffold_1098	0.000000	0.000000	0.000000	0.000000	0.000000	0.000000	0.000000
scaffold_1099	0.000000	0.000000	0.000000	0.000000	0.000000	0.000000	0.000000
scaffold_1100	0.000000	0.000000	0.000000	0.000000	0.000000	0.000000	0.000000
scaffold_1101	0.000000	0.000000	0.000000	0.000000	0.000000	0.000000	0.000000
scaffold_1102	0.000000	0.000000	0.000000	0.000000	0.000000	0.000000	0.000000
scaffold_1103	0.000000	0.000000	0.000000	0.000000	0.000000	0.000000	0.000000
scaffold_1104	0.000000	0.000000	0.000000	0.000000	0.000000	0.000000	0.000000
scaffold_1105	0.000000	0.000000	0.000000	0.000000	0.000000	0.000000	0.000000
scaffold_1106	0.000000	0.000000	0.000000	0.000000	0.000000	0.000000	0.000000
scaffold_1107	0.000000	0.000000	0.000000	0.000000	0.000000	0.000000	0.000000
scaffold_1108	0.000000	0.000000	0.000000	0.000000	0.000000	0.000000	0.000000
scaffold_1109	0.000000	0.000000	0.000000	0.000000	0.000000	0.000000	0.000000
scaffold_1110	0.000000	0.000000	0.000000	0.000000	0.000000	0.000000	0.000000
scaffold_1111	0.000000	0.000000	0.000000	0.000000	0.000000	0.000000	0.000000
scaffold_1112	0.000000	0.000000	0.000000	0.000000	0.000000	0.000000	0.000000
scaffold_1113	0.000000	0.000000	0.000000	0.000000	0.000000	0.000000	0.000000
scaffold_1114	0.000000	0.000000	0.000000	0.000000	0.000000	0.000000	0.000000
scaffold_1115	0.000000	0.000000	0.000000	0.000000	0.000000	0.000000	0.000000
scaffold_1116	0.000000	0.000000	0.000000	0.000000	0.000000	0.000000	0.000000
scaffold_1117	0.000000	0.000000	0.000000	0.000000	0.000000	0.000000	0.000000
scaffold_1118	0.000000	0.000000	0.000000	0.000000	0.000000	0.000000	0.000000
scaffold_1119	0.000000	0.000000	0.000000	0.000000	0.000000	0.000000	0.000000
scaffold_1120	0.000000	0.000000	0.000000	0.000000	0.000000	0.000000	0.000000
scaffold_1121	0.000000	0.000000	0.000000	0.000000	0.000000	0.000000	0.000000
scaffold_1122	0.000000	0.000000	0.000000	0.000000	0.000000	0.000000	0.000000
scaffold_1123	0.000000	0.000000	0.000000	0.000000	0.000000	0.000000	0.000000
scaffold_1124	0.000000	0.000000	0.000000	0.000000	0.000000	0.000000	0.000000
scaffold_1125	0.000000	0.000000	0.000000	0.000000	0.000000	0.000000	0.000000
scaffold_1126	0.000000	0.000000	0.000000	0.000000	0.000000	0.000000	0.000000
scaffold_1127	0.000000	0.000000	0.000000	0.000000	0.000000	0.000000	0.000000
scaffold_1128	0.000000	0.000000	0.000000	0.000000	0.000000	0.000000	0.000000
scaffold_1129	0.000000	0.000000	0.000000	0.000000	0.000000	0.000000	0.000000
scaffold_1130	0.000000	0.000000	0.000000	0.000000	0.000000	0.000000	0.000000
scaffold_1131	0.000000	0.000000	0.000000	0.000000	0.000000	0.000000	0.000000
scaffold_1132	0.000000	0.000000	0.000000	0.000000	0.000000	0.000000	0.000000
scaffold_1133	0.000000	0.000000	0.000000	0.000000	0.000000	0.000000	0.000000
scaffold_1134	0.000000	0.000000	0.000000	0.000000	0.000000	0.000000	0.000000
scaffold_1135	0.000000	0.000000	0.000000	0.000000	0.000000	0.000000	0.000000
scaffold_1136	0.000000	0.000000	0.000000	0.000000	0.000000	0.000000	0.000000
scaffold_1137	0.000000	0.000000	0.000000	0.000000	0.000000	0.000000	0.000000
scaffold_1138	0.000000	0.000000	0.000000	0.000000	0.000000	0.000000	0.000000
scaffold_1139	0.000000	0.000000	0.000000	0.000000	0.000000	0.000000	0.000000
scaffold_1140	0.000000	0.000000	0.000000	0.000000	0.000000	0.000000	0.000000
scaffold_1141	0.000000	0.000000	0.000000	0.000000	0.000000	0.000000	0.000000
scaffold_1142	0.000000	0.000000	0.000000	0.000000	0.000000	0.000000	0.000000
scaffold_1143	0.000000	0.000000	0.000000	0.000000	0.000000	0.000000	0.000000
scaffold_1144	0.000000	0.000000	0.000000	0.000000	0.000000	0.000000	0.000000
scaffold_1145	0.000000	0.000000	0.000000	0.000000	0.000000	0.000000	0.000000
scaffold_1146	0.000000	0.000000	0.000000	0.000000	0.000000	0.000000	0.000000
scaffold_1147	0.000000	0.000000	0.000000	0.000000	0.000000	0.000000	0.000000
scaffold_1148	0.000000	0.000000	0.000000	0.000000	0.000000	0.000000	0.000000
scaffold_1149	0.000000	0.000000	0.000000	0.000000	0.000000	0.000000	0.000000
scaffold_1150	0.000000	0.000000	0.000000	0.000000	0.000000	0.000000	0.000000
scaffold_1151	0.000000	0.000000	0.000000	0.000000	0.000000	0.000000	0.000000
scaffold_1152	0.000000	0.000000	0.000000	0.000000	0.000000	0.000000	0.000000
scaffold_1153	0.000000	0.000000	0.000000	0.000000	0.000000	0.000000	0.000000
scaffold_1154	0.000000	0.000000	0.000000	0.000000	0.000000	0.000000	0.000000
scaffold_1155	0.000000	0.000000	0.000000	0.000000	0.000000	0.000000	0.000000
scaffold_1156	0.000000	0.000000	0.000000	0.000000	0.000000	0.000000	0.000000
scaffold_1157	0.000000	0.000000	0.000000	0.000000	0.000000	0.000000	0.000000
scaffold_1158	0.000000	0.000000	0.000000	0.000000	0.000000	0.000000	0.000000
scaffold_1159	0.000000	0.000000	0.000000	0.000000	0.000000	0.000000	0.000000
scaffold_1160	0.000000	0.000000	0.000000	0.000000	0.000000	0.000000	0.000000
scaffold_1161	0.000000	0.000000	0.000000	0.000000	0.000000	0.000000	0.000000
scaffold_1162	0.000000	0.000000	0.000000	0.000000	0.000000	0.000000	0.000000
scaffold_1163	0.000000	0.000000	0.000000	0.000000	0.000000	0.000000	0.000000
scaffold_1164	0.000000	0.000000	0.000000	0.000000	0.000000	0.000000	0.000000
scaffold_1165	0.000000	0.000000	0.000000	0.000000	0.000000	0.000000	0.000000
scaffold_1166	0.000000	0.000000	0.000000	0.000000	0.000000	0.000000	0.000000
scaffold_1167	0.000000	0.000000	0.000000	0.000000	0.000000	0.000000	0.000000
scaffold_1168	0.000000	0.000000	0.000000	0.000000	0.000000	0.000000	0.000000
scaffold_1169	0.000000	0.000000	0.000000	0.000000	0.000000	0.000000	0.000000
scaffold_1170	0.000000	0.000000	0.000000	0.000000	0.000000	0.000000	0.000000
scaffold_1171	0.000000	0.000000	0.000000	0.000000	0.000000	0.000000	0.000000
scaffold_1172	0.000000	0.000000	0.000000	0.000000	0.000000	0.000000	0.000000
scaffold_1173	0.000000	0.000000	0.000000	0.000000	0.000000	0.000000	0.000000
scaffold_1174	0.000000	0.000000	0.000000	0.000000	0.000000	0.000000	0.000000
scaffold_1175	0.000000	0.000000	0.000000	0.000000	0.000000	0.000000	0.000000
scaffold_1176	0.000000	0.000000	0.000000	0.000000	0.000000	0.000000	0.000000
scaffold_1177	0.000000	0.000000	0.000000	0.000000	0.000000	0.000000	0.000000
scaffold_1178	0.000000	0.000000	0.000000	0.000000	0.000000	0.000000	0.000000
scaffold_1179	0.000000	0.000000	0.000000	0.000000	0.000000	0.000000	0.000000
scaffold_1180	0.000000	0.000000	0.000000	0.000000	0.000000	0.000000	0.000000
scaffold_1181	0.000000	0.000000	0.000000	0.000000	0.000000	0.000000	0.000000
scaffold_1182	0.000000	0.000000	0.000000	0.000000	0.000000	0.000000	0.000000
scaffold_1183	0.000000	0.000000	0.000000	0.000000	0.000000	0.000000	0.000000
scaffold_1184	0.000000	0.000000	0.000000	0.000000	0.000000	0.000000	0.000000
scaffold_1185	0.000000	0.000000	0.000000	0.000000	0.000000	0.000000	0.000000
scaffold_1186	0.000000	0.000000	0.000000	0.000000	0.000000	0.000000	0.000000
scaffold_1187	0.000000	0.000000	0.000000	0.000000	0.000000	0.000000	0.000000
scaffold_1188	0.000000	0.000000	0.000000	0.000000	0.000000	0.000000	0.000000
scaffold_1189	0.000000	0.000000	0.000000	0.000000	0.000000	0.000000	0.000000
scaffold_1190	0.000000	0.000000	0.000000	0.000000	0.000000	0.000000	0.000000
scaffold_1191	0.000000	0.000000	0.000000	0.000000	0.000000	0.000000	0.000000
scaffold_1192	0.000000	0.000000	0.000000	0.000000	0.000000	0.000000	0.000000
scaffold_1193	0.000000	0.000000	0.000000	0.000000	0.000000	0.000000	0.000000
scaffold_1194	0.000000	0.000000	0.000000	0.000000	0.000000	0.000000	0.000000
scaffold_1195	0.000000	0.000000	0.000000	0.000000	0.000000	0.000000	0.000000
scaffold_1196	0.000000	0.000000	0.000000	0.000000	0.000000	0.000000	0.000000
scaffold_1197	0.000000	0.000000	0.000000	0.000000	0.000000	0.000000	0.000000
scaffold_1198	0.000000	0.000000	0.000000	0.000000	0.000000	0.000000	0.000000
scaffold_1199	0.000000	0.000000	0.000000	0.000000	0.000000	0.000000	0.000000
scaffold_1200	0.000000	0.000000	0.000000	0.000000	0.000000	0.000000	0.000000
scaffold_1201	0.000000	0.000000	0.000000	0.000000	0.000000	0.000000	0.000000
scaffold_1202	0.000000	0.000000	0.000000	0.000000	0.000000	0.000000	0.000000
scaffold_1203	0.000000	0.000000	0.000000	0.000000	0.000000	0.000000	0.000000
scaffold_1204	0.000000	0.000000	0.000000	0.000000	0.000000	0.000000	0.000000
scaffold_1205	0.000000	0.000000	0.000000	0.000000	0.000000	0.000000	0.000000
scaffold_1206	0.000000	0.000000	0.000000	0.000000	0.000000	0.000000	0.000000
scaffold_1207	0.000000	0.000000	0.000000	0.000000	0.000000	0.000000	0.000000
scaffold_1208	0.000000	0.000000	0.000000	0.000000	0.000000	0.000000	0.000000
scaffold_1209	0.000000	0.000000	0.000000	0.000000	0.000000	0.000000	0.000000
scaffold_1210	0.000000	0.000000	0.000000	0.000000	0.000000	0.000000	0.000000
scaffold_1211	0.000000	0.000000	0.000000	0.000000	0.000000	0.000000	0.000000
scaffold_1212	0.000000	0.000000	0.000000	0.000000	0.000000	0.000000	0.000000
scaffold_1213	0.000000	0.000000	0.000000	0.000000	0.000000	0.000000	0.000000
scaffold_1214	0.000000	0.000000	0.000000	0.000000	0.000000	0.000000	0.000000
scaffold_1215	0.000000	0.000000	0.000000	0.000000	0.000000	0.000000	0.000000
scaffold_1216	0.000000	0.000000	0.000000	0.000000	0.000000	0.000000	0.000000
scaffold_1217	0.000000	0.000000	0.000000	0.000000	0.000000	0.000000	0.000000
scaffold_1218	0.000000	0.000000	0.000000	0.000000	0.000000	0.000000	0.000000
scaffold_1219	0.000000	0.000000	0.000000	0.000000	0.000000	0.000000	0.000000
scaffold_1220	0.000000	0.000000	0.000000	0.000000	0.000000	0.000000	0.000000
scaffold_1221	0.000000	0.000000	0.000000	0.000000	0.000000	0.000000	0.000000
scaffold_1222	0.000000	0.000000	0.000000	0.000000	0.000000	0.000000	0.000000
scaffold_1223	0.000000	0.000000	0.000000	0.000000	0.000000	0.000000	0.000000
scaffold_1224	0.000000	0.000000	0.000000	0.000000	0.000000	0.000000	0.000000
scaffold_1225	0.000000	0.000000	0.000000	0.000000	0.000000	0.000000	0.000000
scaffold_1226	0.000000	0.000000	0.000000	0.000000	0.000000	0.000000	0.000000
scaffold_1227	0.000000	0.000000	0.000000	0.000000	0.000000	0.000000	0.000000
scaffold_1228	0.000000	0.000000	0.000000	0.000000	0.000000	0.000000	0.000000
scaffold_1229	0.000000	0.000000	0.000000	0.000000	0.000000	0.000000	0.000000
scaffold_1230	0.000000	0.000000	0.000000	0.000000	0.000000	0.000000	0.000000
scaffold_1231	0.000000	0.000000	0.000000	0.000000	0.000000	0.000000	0.000000
scaffold_1232	0.000000	0.000000	0.000000	0.000000	0.000000	0.000000	0.000000
scaffold_1233	0.000000	0.000000	0.000000	0.000000	0.000000	0.000000	0.000000
scaffold_1234	0.000000	0.000000	0.000000	0.000000	0.000000	0.000000	0.000000
scaffold_1235	0.000000	0.000000	0.000000	0.000000	0.000000	0.000000	0.000000
scaffold_1236	0.000000	0.000000	0.000000	0.000000	0.000000	0.000000	0.000000
scaffold_1237	0.000000	0.000000	0.000000	0.000000	0.000000	0.000000	0.000000
scaffold_1238	0.000000	0.000000	0.000000	0.000000	0.000000	0.000000	0.000000
scaffold_1239	0.000000	0.000000	0.000000	0.000000	0.000000	0.000000	0.000000
scaffold_1240	0.000000	0.000000	0.000000	0.000000	0.000000	0.000000	0.000000
scaffold_1241	0.000000	0.000000	0.000000	0.000000	0.000000	0.000000	0.000000
scaffold_1242	0.000000	0.000000	0.000000	0.000000	0.000000	0.000000	0.000000
scaffold_1243	0.000000	0.000000	0.000000	0.000000	0.000000	0.000000	0.000000
scaffold_1244	0.000000	0.000000	0.000000	0.000000	0.000000	0.000000	0.000000
scaffold_1245	0.000000	0.000000	0.000000	0.000000	0.000000	0.000000	0.000000
scaffold_1246	0.000000	0.000000	0.000000	0.000000	0.000000	0.000000	0.000000
scaffold_1247	0.000000	0.000000	0.000000	0.000000	0.000000	0.000000	0.000000
scaffold_1248	0.000000	0.000000	0.000000	0.000000	0.000000	0.000000	0.000000
scaffold_1249	0.000000	0.000000	0.000000	0.000000	0.000000	0.000000	0.000000
scaffold_1250	0.000000	0.000000	0.000000	0.000000	0.000000	0.000000	0.000000
scaffold_1251	0.000000	0.000000	0.000000	0.000000	0.000000	0.000000	0.000000
scaffold_1252	0.000000	0.000000	0.000000	0.000000	0.000000	0.000000	0.000000
scaffold_1253	0.000000	0.000000	0.000000	0.000000	0.000000	0.000000	0.000000
scaffold_1254	0.000000	0.000000	0.000000	0.000000	0.000000	0.000000	0.000000
scaffold_1255	0.000000	0.000000	0.000000	0.000000	0.000000	0.000000	0.000000
scaffold_1256	0.000000	0.000000	0.000000	0.000000	0.000000	0.000000	0.000000
scaffold_1257	0.000000	0.000000	0.000000	0.000000	0.000000	0.000000	0.000000
scaffold_1258	0.000000	0.000000	0.000000	0.000000	0.000000	0.000000	0.000000
scaffold_1259	0.000000	0.000000	0.000000	0.000000	0.000000	0.000000	0.000000
scaffold_1260	0.000000	0.000000	0.000000	0.000000	0.000000	0.000000	0.000000
scaffold_1261	0.000000	0.000000	0.000000	0.000000	0.000000	0.000000	0.000000
scaffold_1262	0.000000	0.000000	0.000000	0.000000	0.000000	0.000000	0.000000
scaffold_1263	0.000000	0.000000	0.000000	0.000000	0.000000	0.000000	0.000000
scaffold_1264	0.000000	0.000000	0.000000	0.000000	0.000000	0.000000	0.000000
scaffold_1265	0.000000	0.000000	0.000000	0.000000	0.000000	0.000000	0.000000
scaffold_1266	0.000000	0.000000	0.000000	0.000000	0.000000	0.000000	0.000000
scaffold_1267	0.000000	0.000000	0.000000	0.000000	0.000000	0.000000	0.000000
scaffold_1268	0.000000	0.000000	0.000000	0.000000	0.000000	0.000000	0.000000
scaffold_1269	0.000000	0.000000	0.000000	0.000000	0.000000	0.000000	0.000000
scaffold_1270	0.000000	0.000000	0.000000	0.000000	0.000000	0.000000	0.000000
scaffold_1271	0.000000	0.000000	0.000000	0.000000	0.000000	0.000000	0.000000
scaffold_1272	0.000000	0.000000	0.000000	0.000000	0.000000	0.000000	0.000000
scaffold_1273	0.000000	0.000000	0.000000	0.000000	0.000000	0.000000	0.000000
scaffold_1274	0.000000	0.000000	0.000000	0.000000	0.000000	0.000000	0.000000
scaffold_1275	0.000000	0.000000	0.000000	0.000000	0.000000	0.000000	0.000000
scaffold_1276	0.000000	0.000000	0.000000	0.000000	0.000000	0.000000	0.000000
scaffold_1277	0.000000	0.000000	0.000000	0.000000	0.000000	0.000000	0.000000
scaffold_1278	0.000000	0.000000	0.000000	0.000000	0.000000	0.000000	0.000000
scaffold_1279	0.000000	0.000000	0.000000	0.000000	0.000000	0.000000	0.000000
scaffold_1280	0.000000	0.000000	0.000000	0.000000	0.000000	0.000000	0.000000
scaffold_1281	0.000000	0.000000	0.000000	0.000000	0.000000	0.000000	0.000000
scaffold_1282	0.000000	0.000000	0.000000	0.000000	0.000000	0.000000	0.000000
scaffold_1283	0.000000	0.000000	0.000000	0.000000	0.000000	0.000000	0.000000
scaffold_1284	0.000000	0.000000	0.000000	0.000000	0.000000	0.000000	0.000000
scaffold_1285	0.000000	0.000000	0.000000	0.000000	0.000000	0.000000	0.000000
scaffold_1286	0.000000	0.000000	0.000000	0.000000	0.000000	0.000000	0.000000
scaffold_1287	0.000000	0.000000	0.000000	0.000000	0.000000	0.000000	0.000000
