sample	platform	total_genes	called	frac_dip	frac_tri	frac_tet	confident_n(margin>=5)	conf_frac_dip	conf_frac_tri	conf_frac_tet	median_margin	frac_margin_lt2	median_relfit
Bran_AGB5	short	18635	11988	0.207	0.142	0.651	5694	0.143	0.062	0.795	4.58	0.256	0.331
CBS931.73	short	16526	9161	0.247	0.226	0.527	6320	0.176	0.214	0.61	10.44	0.126	0.283
CBS931.73_pb	PacBio	16526	12270	0.019	0.081	0.9	7838	0.006	0.019	0.975	7.36	0.139	0.338
NRRL2992	short	19174	1540	0.335	0.181	0.484	490	0.302	0.329	0.369	3.12	0.361	0.401
NRRL2992_pb	PacBio	19174	0				0						
STP1710.7	short	27000	7345	0.629	0.045	0.327	4383	0.786	0.03	0.184	6.43	0.151	0.208
STP1710.7_ont	ONT	27000	13772	0.278	0.142	0.58	6322	0.332	0.084	0.583	4.48	0.245	0.319
STP1717.1	short	16648	3385	0.291	0.182	0.527	1616	0.353	0.185	0.462	4.56	0.26	0.304
STP1717.1_ont	ONT	16648	8970	0.07	0.101	0.829	5702	0.082	0.077	0.841	7.75	0.145	0.369
UHM207.4505	short	19423	6176	0.504	0.127	0.369	2393	0.672	0.076	0.252	3.61	0.288	0.343
UHM207.4505_ont	ONT	19423	11944	0.188	0.149	0.663	5430	0.211	0.103	0.686	4.46	0.241	0.375
UHM260.5136	short	17119	7056	0.448	0.164	0.388	2650	0.526	0.129	0.346	3.41	0.306	0.348
UHM260.5136_ont	ONT	17119	11896	0.174	0.166	0.66	5860	0.188	0.111	0.701	4.9	0.232	0.361
UHM516.7697	short	19239	6026	0.528	0.119	0.353	2382	0.682	0.081	0.237	3.72	0.278	0.335
UHM516.7697_ont	ONT	19239	10423	0.197	0.164	0.639	4738	0.207	0.12	0.673	4.42	0.25	0.359
UHM520.7734	short	18604	7970	0.596	0.099	0.305	4548	0.704	0.066	0.23	6.12	0.175	0.252
