sample	status	platform	free	d_dip	d_tri	d_tet	call	margin	relfit
Bran_AGB5	ok	short	3122473.327113	3154305.346677	3072986.356442	2887277.305411	tet	185709.05103099998	0.9246763712407883
CBS931.73	ok	short	413265.884937	399957.467225	268568.89979	89792.3436	tet	178776.55619	0.21727499625014612
CBS931.73_pb	ok	PacBio	1419963.559367	1443534.365431	904819.372656	245465.907679	tet	659353.4649769999	0.1728677514713302
NRRL2992	ok	short	160852.876634	34253.647068	40486.937491	87653.249244	dip	6233.290422999999	0.21295016778555825
NRRL2992_pb	ok	PacBio	169528.689349	39414.22603	36095.533722	90703.355057	tri	3318.692307999998	0.21291696326214132
STP1710.7	no_estimate	short							
STP1710.7_ont	ok	ONT	1583534.151336	1659052.057995	1134091.161684	278721.35069	tet	855369.8109939999	0.17601221322246044
STP1717.1	no_estimate	short							
STP1717.1_ont	ok	ONT	869302.012631	892343.868087	574423.568048	96643.605808	tet	477779.96224	0.11117379737279307
UHM207.4505	ok	short	1302454.644841	1118086.389586	1135032.083535	1137000.290268	dip	16945.69394899998	0.8584455466566306
UHM207.4505_ont	ok	ONT	1340609.209707	1354920.058681	833379.561724	137658.519903	tet	695721.041821	0.10268355528684327
UHM260.5136	ok	short	996691.01118	908283.202318	896626.290095	882380.67512	tet	14245.614974999917	0.8853101565301909
UHM260.5136_ont	ok	ONT	1477396.744711	1446867.437008	857133.012126	112794.060787	tet	744338.951339	0.07634649337816439
UHM516.7697	ok	short	619645.411304	374623.842874	458514.515518	465237.523063	dip	83890.67264399998	0.6045777730938581
UHM516.7697_ont	ok	ONT	746613.17881	730570.572142	441876.962994	65814.123565	tet	376062.839429	0.08815023017662076
UHM520.7734	ok	short	454058.578639	89187.795903	161367.947759	174506.831393	dip	72180.151856	0.1964235455485335
